Buyer,Country,Invoices,USD,Email,Website,Phone,Address
GEO IMPEX LLC,GÜRCİSTAN,526,"$6,003,768","[""geoimpex2010@gmail.com""]","[""http://geoimpex.tech/""]","[""+995595004030"",""+995790969449"",""+995322747001""]","[""M/DISTRICT BUILDING 1, SUITE 21, GLDANI TBILISI, GEORGIA"",""Georgia, St. In Tbilisi's Gldani district, Gldani VII M/R, Corp. apartment No. 1, No. 21""]"
LTD UPTRADE,GÜRCİSTAN,104,"$5,271,647","[""Info@uptrade.ge""]","[""https://uptrade.ge""]","[""+995555111401""]","[""Tbilisi: Kindzmarauli alley 5/7"",""Batumi: 135 of M. Lermontov""]"
LB ALUMINUM LTD,GÜRCİSTAN,122,"$4,962,753","[""enquiry@fplab.com.my"",""albemetal@lbalum.com.my"",""sales@sems.com.my"",""enquiry@lbalum.com.my"",""albemktg@lbalum.com.my""]","[""https://www.lbalum.com""]","[""+60387258822"",""+60387258828"",""+60387258866"",""+60387258920"",""+60387258833"",""+60387258886"",""+6073550545"",""+6073550549"",""+6063373389"",""+6063372389""]","[""Lot 11, Jalan Perusahaan 1, Kawasan Perusahaan Beranang, 43700 Beranang, Semenyih, Selangor Darul Ehsan, Malaysia""]"
LTD LB ALUMINYUM,GÜRCİSTAN,103,"$4,465,226","[""mamuka1881@gmail.com"",""lashaado@gmail.com""]",,"[""+995597235534""]","[""P. Sarajishvilis 11, Tbilisi, Georgia""]"
UPTRADE LLC,GÜRCİSTAN,72,"$4,137,845","[""Info@uptrade.ge"",""info@uptrade.ge""]","[""https://uptrade.ge/en/"",""www.uptrade.ge""]","[""+995555111401"",""0645776775"",""5555111401"",""(555) 11 14 01""]","[""Tbilisi: Kindzmarauli alley 5/7"",""Batumi: 135 of M. Lermontov"",""Tbilisi, SAMGORI, 5/7 Kindzmarauli Lane""]"
IMPEX SERVICE LTD.,GÜRCİSTAN,195,"$3,512,007","[""poti@ets.ge""]","[""http://www.ets.ge""]","[""+995493270005""]","[""15, V. Gegidze Str. 4401 POTI, Georgia""]"
LGG ALU	LLC,GÜRCİSTAN,935,"$3,435,594","[""sales@lgg.ge"",""lggzura@yahoo.com"",""lggalullc@gmail.com""]","[""https://www.lgg.ge/""]","[""+995 032 250 50 12"",""032 250 50 12"",""(579) 77 79 45"",""0461544148""]","[""8 Parsadani st. Tbilisi, Georgia"",""35 Ksani St., SANZONA, Tbilisi, Georgia""]"
LTD DATA - 88,GÜRCİSTAN,140,"$3,111,590","[""companydata.pvc@gmail.com""]","[""https://datapvc.ge"",""https://www.facebook.com/LTDDATA""]","[""+995557242448"",""+995557242432"",""+995557568537"",""+995557568537""]","[""Tbilisi, SAMGORI, 5 Samgori St., Georgia""]"
LTD ALUTECH GEORGIA,GÜRCİSTAN,58,"$2,580,577","[""info@alu.ge""]","[""https://alu.ge""]","[""599 25 63 63""]","[""Kiziki Str. N24, Tbilisi, Georgia""]"
LTD BORA,GÜRCİSTAN,86,"$1,451,034","[""mogreeninternationalltd@gmail.com""]",,"[""+8616621075894"",""2677098000"",""2718479801"",""2718492235"",""2718505729"",""2718533237"",""2718542908"",""0661929000"",""3066192900"",""2270780466"",""0111922407"",""0679600554"",""0717745050"",""0834143834"",""5208341438""]","[""0168, город тбилиси, улица киндзмараули, 15""]"
LTD PROFILI,GÜRCİSTAN,24,"$1,418,853","[""contact@profili.ge""]","[""https://profili.ge/""]","[""+995 555 336 344"",""+995 593 720 404""]","[""თბილისი ელიავას ბაზრობა, სანაპიროდან 1 რიგი, მაღაზია 12; ელიავას ბაზრობა, სანაპიროდან მეორე რიგი, მაღაზია 45 და 46; ელიავას ბაზრობა, ყვითელი შენობა, მაღაზია 10 და 11"",""ბათუმი ა.პუშკინის ქუჩა N16""]"
MAQRO CONSTRUCTION LLC ID: 445433120,GÜRCİSTAN,61,"$1,381,146","[""info@maqro.ge""]","[""https://maqro.ge/"",""https://maqro.ge/contact-us""]","[""+995322000909"",""+995 32 2 00 09 09"",""02564102564""]","[""G. Panjikidze St., N20, Tbilisi - 0160, Georgia"",""22 Panjikidze (former Budapest) Str., Tbilisi - 0160, Georgia""]"
LTD SXIVI +,GÜRCİSTAN,89,"$1,204,903","[""ltdsxivi@gmail.com""]",,"[""3638106519"",""(032) 2 112 116"",""(514) 62 66 26"",""(577) 366 336""]","[""PR8G+3R5, N.Boxua str, Tbilisi, Georgia""]"
MELİSSA LTD,GÜRCİSTAN,58,"$984,578","[""besikkoridze@mail.ru""]","[""https://www.companyinfo.ge/en/corporations/250372""]","[""3638106519""]","[""Sakartvelo, Xelvachauris Raioni, Sopeli Sarpi, Kucha Me-5, N 11""]"
LLC KAPI,GÜRCİSTAN,75,"$980,767","[""support@kapi.ge""]","[""http://www.kapi.ge/""]","[""+995322051051"",""+995322622623""]","[""შ. დადიანის ქ. 7, თბილისი, Georgia""]"
NNG 2008,GÜRCİSTAN,94,"$773,678",,,"[""+011502003518"",""5683783918"",""3342256056"",""5714285714"",""2717130421"",""3101150200"",""+8616621075894"",""0241500000"",""0429900000"",""0140190019"",""2677098000"",""3024150000"",""3923509000"",""3014019001"",""2717142212"",""4267551542"",""2717150188"",""3198582672"",""2717157506""]",
ALUMET LLC,GÜRCİSTAN,115,"$720,922",info@alumet.ge; agobronidze@alumet.ge; purchase@alumet.ge,https://alumet.ge,995595333339; 995577141173,"29a Mitskevich str. 5th floor. Tbilisi, Georgia; G. Amilakhvari 9a str. Tbilisi, Georgia"
MAXIMA LTD.,GÜRCİSTAN,63,"$616,553","[""info@maxima.ge""]","[""https://maxima.ge/"",""https://maxima.ge/ka/contact""]","[""0422 22 11 22"",""+995 422 22 11 22"",""+995 574 08 34 08""]","[""ბათუმი, ბაგრატიონის ქუჩა #109, Batumi, Georgia"",""ბათუმი, ფრიდონ ხალვაშის #42ა, Batumi, Georgia"",""ბათუმი, ვ. შამილიძის ქუჩა #58, Batumi, Georgia"",""ბათუმი, ხახულის მეორე შესახვევი #71, Batumi, Georgia"",""ბათუმი, აეროპორტის გზატკეცილი #247ა, Batumi, Georgia""]"
BELUS LTD ŞTİ,GÜRCİSTAN,47,"$601,638",,"[""http://belusglass.ge/""]","[""+995555515501""]","[""6000, Autonomous Republic of Adjara, Batumi, Parnavaz Mepe str. 43/101, Apartm. 4""]"
ASEDL GEORGIA LTD,GÜRCİSTAN,46,"$586,289","[""info@bia.ge"",""sales@bia.ge""]","[""https://www.bia.ge/EN/Company/102126?VisitCompanyType=3&ServiceId=3171"",""https://www.findglocal.com/GE/Tbilisi/105797607525312/ASEDL-Georgia-•-ასედლ-ჯორჯია""]","[""+995322717120"",""+995322717150"",""+05646449730"",""5632056464"",""5345126152"",""5322717120"",""5322717150"",""+995574750073"",""+995574006783"",""+995574750082"",""+0579760752531"",""+0900189102106"",""+0155837239012"",""+032430851350"",""+0939743160621"",""+04618667893"",""0016000001"",""+05797607525"",""5574750082""]","[""0190, Tbilisi, Isani-Samgori District, Samgоri str. 6"",""გ. ნადარეიშვილის ქუჩა #50, Tbilisi""]"
LTD KINTRISHI,GÜRCİSTAN,130,"$563,453",,,"[""+995 593 17 31 33""]","[""6000, Autonomous Republic of Adjara, Batumi, Demetre Tavdadebuli str. 173, Georgia""]"
GLASSCO LTD,GÜRCİSTAN,21,"$527,803","[""info@glassco.ge"",""sale@glassco.ge""]","[""https://glassco.ge/""]","[""+995 032 290 70 50"",""+995 574 90 70 70""]","[""ხოშარაულის ქუჩა N29, Tbilisi, Georgia""]"
GALAVANİ LTD,GÜRCİSTAN,33,"$487,668","[""g.shakarashvili@gmail.com"",""restaurantgalavani@gmail.com""]","[""http://www.galavani.ge/""]","[""+995511211100"",""+995599267755"",""+995598522759"",""599267755""]","[""35 Vladimir Meskhishvili Street, Tbilisi, 0144, Georgia"",""C. Dadianis K., N 34, Korpusi N 3, Bina 32, Tbilisi, Georgia""]"
L.T.D. BATGLASS,GÜRCİSTAN,37,"$470,060","[""batglass@mail.ru""]","[""batglass.ge""]","[""+995 599 558601"",""+995 597 400626"",""574 54 44 77"",""(422) 400 111"",""(568) 11 11 77""]","[""13 Kindzmarauli St, Tbilisi, Georgia"",""170 Varshanidze St, Batumi, Georgia"",""M. Varshvanidze str. 170, Batumi, Autonomous Republic of Adjara, Georgia""]"
LTD METİ + GROUP,GÜRCİSTAN,16,"$464,495","[""ltdmetigeo@gmail.com""]","[""http://biz.aris.ge/en/"",""https://metigroup.co.za/contact/""]","[""557434848"",""3638106519""]","[""Sakartvelo, Tbilisi, Vake-saburtalos Raioni, Shalva Nucubizis Perdobi, I M/r, Korpusi N9, Bina N1"",""Rostevani Str 11, Tbilisi, Tb 0159, Georgia""]"
LG GROUP LTD (EUR),GÜRCİSTAN,242,"$453,030","[""info@lggroup.ge""]","[""https://lggroup.ge""]","[""+995322500080""]","[""Vani St. 4, Tsereteli avenue, Tbilisi"",""Sarajishvili St. 14, Avchala, Tbilisi""]"
NGC COMPANY LLC,GÜRCİSTAN,10,"$438,018","[""support@webador.com""]","[""https://www.ngccompanyllc.com/contact"",""https://www.georgiacompanyregistry.com/companies/ngc-company-llc/""]","[""2942675164"",""2942673168"",""2942668999"",""2942670665"",""2942668880"",""2938717851"",""2942671568"",""2942670703""]","[""180 SEARS CIR, COVINGTON, GA, 30016, USA""]"
REAL PALACE LTD.ŞTİ.,GÜRCİSTAN,13,"$389,488","[""info@realpalace.ge"",""sales@realpalace.ge""]","[""https://www.realpalace.ge"",""https://realpalace.ge""]","[""+995 577 22 47 47"",""+995 557 78 47 47"",""+995 514 65 47 47"",""+995 598 75 47 47"",""+995 558 80 47 47""]","[""Head Office, #16 Zhiuli Shartava Ave., Batumi, Georgia"",""#95 Angisa St., Batumi, Georgia"",""#11 Irakli Farjiani St., Tbilisi, Georgia"",""#17-23a Abraham Catholicos I st., Tbilisi, Georgia"",""#12a Baghi St., Mtsvane Kontskhi, Batumi, Georgia""]"
DELTAPRO LLC,GÜRCİSTAN,21,"$352,964","[""marketing@deltapro.am"",""deltapro@deltapro.am""]","[""http://www.deltapro.am""]","[""+37411555511"",""+37411222211"",""+995559055071""]","[""Arshakunyats Ave. 34, Yerevan, Armenia""]"
EUROFASAD PLUS LTD.,GÜRCİSTAN,14,"$347,703","[""info@eurofasad.ge""]","[""https://eurofasad.ge""]","[""+995599110146"",""+995598733909""]","[""TBILISI, VAJA-FSHAVELA AVE #52/3, 0177, Georgia""]"
LTD MARTVE-5,GÜRCİSTAN,64,"$346,633","[""info@aluminatech.com""]","[""www.aluminatech.com"",""https://www.aluminatech.com/""]","[""+995514300090"",""+995 514 30 00 90""]","[""32 Fridon Khalvashi Avenue, Batumi, Georgia""]"
IPS LLC,GÜRCİSTAN,24,"$334,063","[""info@ips.ge""]","[""https://ips.ge/en/""]","[""+995322252424""]","[""Tbilisi, Chavchavadze Ave. 49 d""]"
ORBI GROUP  TBILISI LLC TXID,GÜRCİSTAN,10,"$333,181","[""sales@orbi.net"",""kz@orbi.net"",""moscow@orbi.net"",""sales@orbi.ge"",""info@orbi.ge"",""batumi@orbi.ge"",""tbilisi@orbi.ge""]","[""https://www.orbigroup.info/index-en.html"",""https://www.orbi.ge/"",""https://orbigroup.ge""]","[""+995 555 31 00 00"",""+995 555 35 00 00"",""+995 555 33 00 00"",""+995 555 34 00 00"",""+49 1520 5455500"",""+90 5544555555"",""+7 495 150 5505"",""+994 123 100 914"",""+994 123 101 117"",""+7 727 355 2525""]","[""12a Kazbegi Ave., Tbilisi, Georgia"",""50 M. Abashidze St., Batumi, Georgia"",""46 Baku St., Batumi, Georgia""]"
LİKE HOUSE LTD.ŞTİ.,GÜRCİSTAN,19,"$326,334","[""info@likehouse.ge"",""Likehouse@info.ge""]","[""https://likehouse.ge/""]","[""+995593111111"",""995593111111""]","[""Georgia, Batumi st. Gorgiladze, 61""]"
ALUTECH WEST GEORGIA LLC,GÜRCİSTAN,14,"$317,740","[""info@alu.ge""]","[""https://alu.ge/english/contacts""]","[""599 25 63 63""]","[""Qiziki Str. N24, Tbilisi, Georgia""]"
"LTD ""GLASSLINE""",GÜRCİSTAN,16,"$307,233","[""ltdglassline@gmail.com"",""glasslinee@gmail.com""]","[""https://glassline.ge/""]","[""+99550088005"",""+995598555533""]","[""1 Gobronidze St., GLDANI, Tbilisi, Georgia""]"
SUPPLLING EVERYTHING JSC,GÜRCİSTAN,59,"$275,162","[""info@supplying.ge""]","[""https://supplying.ge""]","[""+995577124733"",""+995577124733""]","[""Georgia / Batumi""]"
HOUSE OF FUTURE LTD.,GÜRCİSTAN,13,"$265,742","[""houseoffuture@hotmail.com""]",,"[""+995 341 259892"",""(595) 10 10 42"",""238 13 27"",""200 03 60""]","[""14 Abashvili St., Tbilisi, Varketili"",""183 Nutsubidze St., Tbilisi, Saburtalo"",""Chachava str. 8, Tbilisi, Didube-Chugureti District"",""16 m/d, Rustavi, Kvemo Kartli Region""]"
LTD C.M.L,GÜRCİSTAN,17,"$261,307","[""cml_company@yahoo.com""]",,"[""283 83 84"",""(595) 78 77 11""]","[""თბილისი, სანზონა, გურამიშვილის გამზ. 64""]"
"L.T.D.  ""STEPLINE"" 202460862",GÜRCİSTAN,39,"$254,144","[""step line .info@gmail.com""]",,"[""+995595544882"",""+995595913913""]","[""106 Akaki Beliashvili St, Tbilisi, Georgia""]"
MEJIKTRANS LTD,GÜRCİSTAN,39,"$253,439","[""megictransltd@gmail.com""]","[""https://www.companyinfo.ge/en/corporations/747327""]","[""3638106519""]","[""Sakartvelo, Batumi, Davit Guramishvilis Shesaxvevi, N 18""]"
LTD GRAND MAISON,GÜRCİSTAN,6,"$248,482","[""hello@residence-estate.ge""]","[""https://residence-estate.ge/en/developers/grand-maison/"",""https://geoln.com/developers/grand-maison"",""https://welcomegeo.com/developers/grand-maison/?lng=en""]","[""+995599050123"",""5258849119"",""5302974222"",""5788238588"",""5599050123"",""2700144723"",""+9955587000"",""+19295667117"",""+18555888066"",""+995595088022""]",
ELT BUILDING LLC,GÜRCİSTAN,12,"$246,283","[""info@eltgroup.ge""]","[""https://eltgroup.ge/en/""]","[""+995514440000"",""+995558700088""]","[""რეჯებ ნიჟარაძის ქუჩა N18, ბათუმი"",""Pirosmani 18A, Office 13, Floor 2, Batumi, Georgia""]"
CAUCASUS UNIVERSITY,GÜRCİSTAN,15,"$240,912","[""info@cu.edu.ge"",""president@cu.edu.ge"",""info@caucasusuniversity.com""]","[""https://cu.edu.ge"",""https://caucasusuniversity.com""]","[""+995 32 2 37 77 77"",""+995 32 2 37 37 37"",""+995 555 405 843""]","[""Paata Saakadze street 1, Tbilisi 0102, Georgia"",""1 Paata Saakadze St, Tbilisi 0102, Georgia""]"
IC MAMUKA AREVADZE,GÜRCİSTAN,21,"$238,753",,"[""https://www.tendata.com/en/buyer/i-m-mamuka-arevadze-GEON48ea71a67b322e7a8e4b805b6ae12860.html"",""https://MadLoba.info/en/tbilisi/postavshchiki-dverey-i-okon/dveri-ot-postavshchika-mamuka-arevadze/"",""https://megobroba.ge/""]","[""+732690980019"",""+846290900019"",""+392530000019"",""+011502003518"",""5683783918"",""5714285714"",""2717351706"",""3101150200"",""+995322622122"",""+0197953826090"",""0869558980"",""5693152522"",""2718454408"",""5019795382"",""3997719310"",""+995551261177"",""5595261177"",""+995595261177"",""3221225472""]","[""David Sarajishvili Ave., 12, Tbilisi, Georgia""]"
LTD.HOUSE OF FUTURE,GÜRCİSTAN,6,"$231,682","[""houseoffuture@hotmail.com""]",,"[""+995595101042"",""(595) 10 10 42""]","[""14 Abashvili St., Tbilisi, Varketili district, Georgia""]"
FUTURE HOUSE LTD.,GÜRCİSTAN,2,"$226,658","[""futurehouse.ge@gmail.com""]","[""https://www.facebook.com/p/Future-House-100065027150978/"",""https://korter.ge/en/future-house""]","[""995341259892"",""597927920""]","[""თბილისი, ჩაჩავას ქ. #8"",""ვარკეთილი, აბაშვილის #14"",""საბურთალო, ნუცუბიძის #183""]"
DOMUS ALUMINUM LTD (EUR),GÜRCİSTAN,116,"$222,493","[""info@ec.ge""]","[""https://www.ec.ge/en/partners/domus-aluminiumi"",""https://domusaluminium.com""]","[""+995322232523"",""+0739449113956"",""3944911395"",""5554791957"",""+995322374737"",""5322374737"",""+995322232829"",""0461544148"",""+097639999488"",""+09763999949"",""3526704615"",""4452011886"",""5322232523"",""5322232829""]","[""თბილისი, 0160, ს. მგალობლიშვილის #13"",""Tbilisi, 3 Kavsadze St., 0179"",""com. space 12, fl. 4, bl. A, 3 Kavsadze str. Tbilisi, 0179 Georgia""]"
LTD LAZI,GÜRCİSTAN,2,"$217,550","[""info@lazi.ge""]","[""http://lazi.ge""]","[""995551140645"",""+995555555555"",""+995 555 88 22 33"",""+995 599 66 77 11""]","[""ул.эквтиме такаишвили № 64, апт № 5, Тбилиси, Грузия"",""კამანის ჩიხი 3, თბილისი, საქართველო"",""მცხეთის მუნიციპალიტეტი, სოფ.ქანდა""]"
UNIVERSAL CONSTRUCTION  LLC,GÜRCİSTAN,23,"$214,720","[""LarryHanes@UCCGI.com""]","[""https://www.uccgi.com/""]","[""4042448888""]","[""2434 Gresham Rd SE Ste H, Atlanta, Georgia, 30316, United States""]"
BAZALT TRANS LTD,GÜRCİSTAN,6,"$213,244","[""mskhvitaridze@remax-georgia.ge"",""info@transcaucasus.com.ge""]","[""http://www.transcaucasus.com.ge""]","[""+995577404422"",""+9950322333007""]","[""მარნეულის ქუჩა n 46"",""პეკინის გამზ. 5, მე–2 სად. მე–2 სართ""]"
L.T.B.  LTD. TBILISI,GÜRCİSTAN,15,"$211,621","[""ltb@ltb.ge"",""info@ltb.ge""]","[""https://ltb.ge/"",""https://5260-ge.all.biz/""]","[""+995 32 266 71 61"",""+995 32 266 71 62"",""+995 32 266 71 63"",""+995 595 47 07 71""]","[""2 Eristavi str., Tbilisi, Georgia"",""21 T. Eristavi St., Tbilisi, Georgia"",""1 Gugunava St., Kutaisi, Georgia""]"
NEXT POINT,GÜRCİSTAN,4,"$211,118","[""info@nextpoint.com"",""projects@nextpoint.com""]","[""https://www.nextpoint.com.tr/""]","[""05417811242""]","[""Elazığ""]"
ALUMET TXID LTD,GÜRCİSTAN,6,"$206,837","[""agobronidze@alumet.ge"",""info@alumet.ge"",""purchase@alumet.ge""]","[""www.alumet.ge"",""https://alumet.ge/""]","[""+995 595 33 33 39"",""+995 577 551 411"",""+995 577 141 173""]","[""29a Mitskevich str. 5th floor, Tbilisi, Georgia"",""G. Amilakhvari 9a str., Tbilisi, Georgia""]"
ALKOM LTD,GÜRCİSTAN,30,"$191,341",info@alcom.ge,https://alcom.ge,995322110072; 995599198382,"Georgia, Tbilisi, Petre Sarajishvili st. #13"
LTD.   DIO ',GÜRCİSTAN,60,"$190,905",info@dio.ge,https://dio.ge,995322361112; 995322331199,Tbilisi (Dighomi) 12 th km D. Agmashenebeli Alley №3 Parsadani. Str; Tbilisi (Saburtalo) 79 Tsintsadze Str.; Batumi 128/134 Vakhtang Gorgasali str.; Kutaisi 20 Ilia Chavchavadze str.; Telavi 52 al. Chavchavadze ave.
NOR LOGISTICS LLC,GÜRCİSTAN,17,"$180,122","[""atruck4nor@gmail.com""]","[""https://www.quicktransportsolutions.com/truckingcompany/georgia/nor-logistics-llc-usdot-3997922.php""]","[""+731815950012"",""+271019830000"",""+392330100019"",""7063134063"",""4755950574"",""2507357702"",""2334644101"",""8008325660"",""7032804001"",""4044932911""]","[""3316 Mundy Rd Augusta, GA 30906""]"
LTD REQTRANS,GÜRCİSTAN,67,"$173,965","[""reqtransltd@gmail.com""]","[""https://www.info-clipper.com/en/company/georgia/reqtrans-ltd.ged8drx0h.html""]","[""3638106519"",""+3864377558"",""2003864377""]","[""Sakartvelo, Batumi, Al.pushkinis K. N 35/18, B. 4""]"
STARPEN LLC,GÜRCİSTAN,46,"$171,647","[""starmarketgeorgia@gmail.com""]","[""https://starmarket.ge""]","[""+995579299979"",""+995598979725"",""+0396804356098"",""4503968043"",""5609820410"",""5579299979"",""5598979725""]","[""53 Tevdore Mghvdlis st. Tbilisi Georgia 0119""]"
LTD KAZBEGI,GÜRCİSTAN,104,"$166,870","[""export@gbbg.ge"",""topadze@kazbegi.com""]","[""https://kazbegi.com/en/"",""https://kazbegi.com/contact"",""https://kazbegi.com/index.php?sec_id=46""]","[""+0316059022164"",""+0586746564749"",""5714285714"",""5975238316"",""4031605902"",""+05867465647"",""2345518376"",""+995511147606"",""+995597191144"",""0923039907"",""+995511147606"",""+995597191144"",""0923039907"",""+0883378714837"",""5714285714"",""2329711245"",""4612054784"",""3792088337"",""5511147606"",""5597191144"",""+995322474747"",""+995322436436"",""+995341256134"",""+08903128233"",""+036466761902"",""+0316059022164"",""+0586746564749"",""5714285714"",""5880890312"",""4718644036""]","[""თბილისი,თ.ერისთავის ქუჩა N5""]"
LTD WINART GEORGIA,GÜRCİSTAN,5,"$166,121","[""info@winart.ge""]","[""http://winart.ge/""]","[""+995322366700""]","[""თბილისი, ვახტანგ VI ქუჩა (აღმაშენებლის ხეივანი მე-13კმ)"",""Tbilisi, Vakhtang VI Street (Aghmashenebeli Avenue 13km)""]"
LTD TMT,GÜRCİSTAN,16,"$160,786","[""info@enterprise.gov.ge"",""uchumbegashvili@yahoo.com"",""info@tiemti.ge""]","[""https://tradewithgeorgia.com/companies/tmt-ltd-1"",""https://tiemti.ge/""]","[""+995599504910"",""+995322960010"",""5599504910"",""5322960010"",""+07617457628"",""5838853932"",""0461544148"",""+0998100000000"",""+0000010000"",""3526704615"",""2998000000""]","[""Chavchavadze Str. 35, Kaspi 2600, Georgia""]"
"LTD ""SUN SOLUTION  '",GÜRCİSTAN,14,"$158,799","[""jtssltd@sunsolutions.com""]","[""https://madloba.info/en/tbilisi/postavshchiki-oborudovaniya-tekhniki-i-instrumentov/svarochnoe-oborudovanie-ot-proizvoditelia-sun-solution-georgia/"",""https://sun-solution-s-ltd.ueniweb.com/""]","[""+995555989813"",""+0197953826090"",""0869558980"",""5693152522"",""2718454408"",""5019795382"",""3997719310"",""+995551261177"",""5595261177"",""+995595261177"",""+12127363100"",""+06396469627"",""+0300191805030"",""2000000000"",""5000011112"",""5714285715"",""2857142857"",""3571428572"",""5714285714"",""2727675233""]","[""Tbilisi Airport named after Shota Rustaveli, Tbilisi, Georgia (cargo terminal)"",""Mujirishvili Str 10/58, Tbilisi, Georgia""]"
SMART DEVELOPMENT LİMİTED LİABİLİTYCOMPANY,GÜRCİSTAN,8,"$156,313","[""potiapartments@gmail.com""]","[""https://korter.ge/ltd-smart-development""]","[""+995322054262"",""+995322054272"",""0322121661""]","[""საქართველო, თბილისი, ვაკის რაიონი, გ. შატბერაშვილის ქუჩა, N4, კორპუსი 7, ბინა 102"",""გორგასლის 36, ფოთი, საქართველო""]"
GEOBARS LTD,GÜRCİSTAN,16,"$155,629","[""office@bars.ge""]","[""https://bars.ge"",""https://subcontracteu.com/en/companies/geobars-ltd/1697""]","[""+995 322 70 91 81"",""+995 577 41 76 00"",""+995 577 41 51 36""]","[""Main Office/Factory: 19g, G. Lortkipanidze Str. (former Kairo Str.), 0137 Tbilisi, Georgia"",""Batumi Sales Office: #85, Fridon Khalvashi Str., Batumi, Georgia""]"
LTD MILENIUMI,GÜRCİSTAN,2,"$147,837","[""info@millennium.org.ge"",""mcag2compact@gmail.com""]","[""https://millennium.org.ge/eng/contact_105"",""https://korter.ge/en/ltd-millenium""]","[""+995591238183"",""+995322054262"",""+995322054272""]","[""5 Kostava St. Georgia, Tbilisi, 0108""]"
LLC AIR MANAGAMENT SYSTEMS - AMS,GÜRCİSTAN,14,"$145,023","[""info@ams.com.ge"",""Andro.q@ams.com.ge""]","[""https://www.ams.com.ge"",""https://www.ams.com.ge/en""]","[""+995591450808"",""+995568607007""]","[""Tbilisi, Iason Lortkipanidze street, N 5""]"
LTD REEXPORTER,GÜRCİSTAN,5,"$144,086",,"[""https://www.trademo.com/companies/ltd-reexporter-446759570/47741740"",""https://www.volza.com/company-profile/ltd-reexporter-446759570-85427532/"",""https://www.tendata.com/en/buyer/ltd-reexporter-GEON6379327e642ed707bff0121aedc9cfaf.html""]","[""846729510000"",""392329900019"",""+85284320133"",""3101150200"",""5259236360"",""+8615618926470"",""011502003518"",""+862160898388"",""5284320133"",""853669900011""]",
LTD DLS CONSTRUCTION,GÜRCİSTAN,36,"$143,075",,"[""https://en.52wmb.com/buyer/177769625""]","[""0421000000"",""0959298463"",""3024110001"",""0429900000"",""4002700000"",""+8616621075894"",""0241100019"",""00270000000""]",
GUMBATI APARATI KVANATI LTD STI,GÜRCİSTAN,5,"$141,767","[""WELCOME@GUMBATI.GE"",""info@gumbatiholding.ge"",""welcome@gumbati.ge""]","[""https://www.gumbati.ge/en/contact-us"",""https://gumbatiholding.ge/en/page/contact""]","[""+995555100100"",""+995591077171"",""+995706706021""]","[""Vaja Pshavela 1B BATUMI · GEORGIA"",""Tarkhnishvili, I. st 2, 8th floor, Tbilisi, Georgia""]"
LTD QASHVETI,GÜRCİSTAN,4,"$137,626",,"[""https://www.companyinfo.ge/en/corporations/299845""]","[""3638106519"",""0959298463"",""0429900000"",""3925908000"",""3925901000"",""3926909790"",""2169900901""]",
LTD.N.A.E PLASTİK,GÜRCİSTAN,24,"$135,124","[""info@plastics.ge"",""plasticgeorgia2016@gmail.com""]","[""https://plastics.ge""]","[""+995 (32) 224 20 40"",""+995322242040"",""995322242040""]","[""Chantladze 3a, Tbilisi, Georgia"",""ჩანტლაძის 3ა, თბილისი, საქართველო""]"
SUNSOLITION COMPANY,GÜRCİSTAN,30,"$133,198","[""samxaradze.marina@mail.ru""]","[""http://www.sunsolution.com.ge/""]","[""+995577929933"",""+995577043399""]","[""2 Tsereteli Ave., Shopping centre \""Dinamo Arena\"", Shop 25, Tbilisi, Georgia""]"
LIZI LTD,GÜRCİSTAN,25,"$131,208",,"[""https://www.companyinfo.ge/en/corporations/299308"",""https://en.52wmb.com/buyer/33459361""]","[""+995322192121"",""5589948630""]","[""82, Paliashvili Str., Tbilisi, Georgia"",""gldani ii, 24-17, tbilisi, georgia""]"
NEXT GONIO + LLC 445612908,GÜRCİSTAN,9,"$128,762","[""info@nextgroup.ge""]","[""https://next-property.com/""]","[""+995514111111"",""+995574330033""]","[""Georgia Batumi, Kostava st. 20"",""Batumi, Luka Asatiani st. 18"",""Tbilisi, 37m Ilia Chavchavadze Avenue"",""Tbilisi, Tsurtsumia st. 12""]"
"LTD ,, LG GROUP",GÜRCİSTAN,64,"$126,612","[""info@lggroup.ge"",""lgglass77@gmail.com""]","[""https://lggroup.ge/"",""https://lggroup.ge/english/contacts""]","[""+995322500080"",""995322500080"",""4924708851""]","[""Vani St. 4, Tsereteli avenue, Tbilisi"",""Sarajishvili St. 14, Avchala, Tbilisi"",""D. Sarajishvili Ave. 14a, Gldani-Nadzaladevi District, Tbilisi"",""E. Andronikashvili str. 29, Gldani-Nadzaladevi District, Tbilisi""]"
OLİMPUS DEVELOPMENT LTD,GÜRCİSTAN,8,"$126,120",,"[""https://korter.ge/en/olympus""]","[""+995322054262"",""+995322054272""]",
LTD IBERIA,GÜRCİSTAN,4,"$124,919","[""ltd.iberia.group@gmail.com""]","[""https://www.info-clipper.com/en/company/georgia/iberia-ltd.gedbayem4.html"",""http://biz.aris.ge/en/company/1906/""]","[""+995 (593) 30-46-19"",""+995 322145353""]","[""99, Godziashvili Str., Tbilisi"",""D. Agmashenebeli Ave. 80, Tbilisi""]"
SPS PROFULI,GÜRCİSTAN,1,"$123,170","[""info@sps.ge"",""abcgeorgia@gmail.com""]","[""https://sps.ge""]","[""+995595790177""]","[""საქართველო, თბილისი, კახეთის გზატკეცილი 16-ე კმ., 16-th km, Kakheti Highway, Tbilisi, Georgia""]"
EPS CORPARATE CONSULTING LTD,GÜRCİSTAN,1,"$119,999",,,,
BALKAN COLSULTANCY,GÜRCİSTAN,7,"$116,163","[""office@balkan-consulting.biz""]","[""https://balkan-consulting.biz/contact/""]","[""+381 65 457 32 18""]",
LLC NEXT DOWNTOWN,GÜRCİSTAN,12,"$113,578","[""info@nextgroup.ge""]","[""https://next-property.com/""]","[""+995514111111"",""+995574330033""]","[""Georgia Batumi, Kostava st. 20"",""Batumi, Luka Asatiani st. 18"",""Georgia Tbilisi, 37m Ilia Chavchavadze Avenue"",""Georgia Tbilisi, Tsurtsumia st. 12""]"
FORİS 18,GÜRCİSTAN,6,"$108,039",,"[""https://www.tendata.com/en/supplier/foris-18-llc-GEONecd82b034ec39824a5328f65902f52f6.html""]",,
BROTHER AND BROTHER  LTD,GÜRCİSTAN,14,"$106,982","[""bwindowb@gmail.com""]",,"[""+995 32 271 00 19"",""(568) 49 65 65""]","[""146 Beri Gabriel Salosi Ave., Tbilisi, Isani-Samgori District, 0113, Georgia""]"
GLOBAL GEORGIA LLC.,GÜRCİSTAN,12,"$106,820",,"[""https://globalgeorgia.com.ge""]","[""+995588887220"",""+995588887260"",""243-60-43""]","[""Проспект Фридона Халваши, 130, 1 этаж, Аэропорт район, Батуми, Батуми муниципалитет, Аджарская автономная республика"",""ჯავახიშვილის ქ. 12, თბილისი""]"
GRADA CONSTRUCTION LLC,GÜRCİSTAN,7,"$104,447","[""info@grada.ge""]","[""https://www.gradaconstruction.ge/en""]","[""+995322407407""]","[""Tbilisi, Agmashenebeli alley #188""]"
LTD METALO ALUMINI TXID,GÜRCİSTAN,1,"$104,230","[""contact@metalo.ge"",""info@alu.ge""]","[""https://metalo.ge/en/home/""]","[""+995 551 18 06 13""]","[""Gori, Tskhinvali ave #8""]"
ATLAS FOOD AND TRADE,GÜRCİSTAN,17,"$102,877",,,"[""+995322192121"",""5589948630"",""265-43-63""]","[""31, Guramishvili Ave., Tbilisi, Georgia""]"
ALUPLAST GLASS LTD,GÜRCİSTAN,22,"$102,428",info.de@aluplast.net,,995593708080,
LTD DATA KOD 206 261 052,GÜRCİSTAN,23,"$98,264","[""skola-premieri@mail.ru""]","[""https://www.companyinfo.ge/ka/corporations/384176""]","[""3638106519""]","[""საქართველო, ქ. თბილისის ისნის რაიონში, ჟონეთის ქ 1/26""]"
L.T.D. GORPLASTI,GÜRCİSTAN,18,"$97,790","[""l.t.d.gorplasti@gmail.com""]","[""https://www.facebook.com/profile.php?id=100014954798146""]","[""(599) 50 90 21"",""(551) 99 09 99"",""593990999""]","[""Gori, Vill. Tiniskhidi, Georgia""]"
INDUSTRIA VALENTINI,GÜRCİSTAN,3,"$95,891","[""tamaz61@gmail.com"",""valentini@caucasus.net""]","[""valentini.ge""]","[""251 88 25"",""(599) 50 44 60""]","[""11 P. Sarajishvili St., Tbilisi, Georgia""]"
LLC LEBO GEORGIA,GÜRCİSTAN,21,"$93,197",,"[""https://www.companyinfo.ge/ka/corporations/310509""]","[""3638106519""]",
OOO   RIKZA ',GÜRCİSTAN,5,"$92,525",,"[""https://www.trademo.com/companies/ooo-rikza/52072698""]","[""0876007041"",""4087600704"",""5009146050""]",
SALAMANDRA LTD,GÜRCİSTAN,2,"$92,079","[""office@kalamani.ge"",""info@salamander.ge""]","[""https://salamander.ge/""]","[""+995322105150"",""+995322386784""]","[""ი. ჭავჭავაძის გამზ. 19, თბილისი, საქართველო"",""ვაჟა–ფშაველას გამზ. 3, თბილისი, საქართველო"",""\""თბილისი მოლი\"", II სართული, თბილისი, საქართველო"",""\""სითი მოლი\"" საბურთალო II სართული, თბილისი, საქართველო""]"
MAMLUK1 LTD,GÜRCİSTAN,14,"$90,010","[""info@mamluk.us""]","[""https://mamluk.us/contact-us/"",""https://find-and-update.company-information.service.gov.uk/company/14273720""]","[""2745832029""]","[""483 Green Lanes London N13 4BS England""]"
EL DOOR,GÜRCİSTAN,19,"$89,895",,"[""https://www.facebook.com/spseldoor/""]","[""+995 555 34 43 50""]",
LTD BUILDER BEES GROUP,GÜRCİSTAN,2,"$88,757",,"[""https://builderbees.com/""]",,
IDEALI LLC,GÜRCİSTAN,21,"$86,824","[""ltd.ideali@gmail.com"",""info@ideal.ge""]","[""https://ideal.ge""]","[""+995593777765"",""+995322540854"",""+995322995055"",""+995422200400""]","[""Ir.abashidzis gamz. n 10 b. 50"",""D. Aghmashenebli Ave. 71, Tbilisi"",""Kakheti Highway N83a, Tbilisi"",""Leonidze Street 7, Batumi""]"
ADVANTA CONSULTING LLC,GÜRCİSTAN,12,"$85,728",TT@ADVANTACONSULTING.GE,https://advantaconsulting.ge/,995577755175,"11 ELIZBAR MINDERLI STR. TBILISI, GEORGIA"
LTD GLASS GALLERY,GÜRCİSTAN,12,"$85,445","[""info@lggroup.ge""]","[""https://lggroup.ge/english/contacts""]","[""+995322500080""]","[""Vani St. 4, Tsereteli avenue, Tbilisi"",""Sarajishvili St. 14, Avchala, Tbilisi""]"
LTD STARPEN,GÜRCİSTAN,13,"$84,591",,"[""https://www.trademo.com/companies/starpen-llc/47762596"",""http://biz.aris.ge/en/"",""https://companyinfo.ge/en/additional-search""]","[""5322195555"",""+995322195555"",""5589948630"",""+995322192121"",""3638106519""]","[""A.Tsereteli Ave.116, Didube Plaza, 4 Floor"",""App #3, 47 Kostava street, Tbilisi, 0171, Georgia""]"
"LTD ""KEVRI""",GÜRCİSTAN,12,"$78,186","[""german.ltd.kevri@gmail.com""]","[""https://www.kevri.net/""]","[""+00999999999"",""+0999999999999"",""+00000000000"",""+0666666666666"",""+0333333333333"",""+053144538958"",""+023225876"",""2545352419"",""2054936319"",""4999999999"",""+8616621075894"",""0421000000"",""0241500000"",""0210000019"",""+01693002200"",""0241100019"",""2677098000"",""3024150000"",""3021000001"",""4016930022""]","[""Bogdan Khmelintsky 5""]"
LLC IBERIA,GÜRCİSTAN,6,"$77,834","[""info@iberia.ge""]","[""http://www.iberia.ge""]","[""+995 (593) 30-46-19"",""225-31-13"",""225-38-40""]","[""99, Godziashvili Str., Tbilisi"",""ჭავჭავაძის გამზ. 49ა, თბილისი""]"
UNIVERSAL,GÜRCİSTAN,1,"$76,438","[""info@universal-ge.com""]","[""https://universal-ge.com""]","[""+995595405550"",""+995595955611""]","[""Didube-Mekanizatsia str 5, Tbilisi, Georgia""]"
EVROKAREBI LTD,GÜRCİSTAN,6,"$76,161",,,,
COMFORT DOOR COMFORT DOOR,GÜRCİSTAN,9,"$76,047",117@doremi.ge; info@doremi.ge,https://www.doremi.ge/,995577333777; 995596858885,"117 Tsereteli ave., 0119 Tbilisi, Georgia; 1 Meqanizatsia St., 0192 Tbilisi, Georgia"
INL LLC,GÜRCİSTAN,1,"$75,294",,"[""https://enreg.reestri.gov.ge/main.php?m=new_index&l=en""]","[""3638106519""]",
LTD ORIGINE EV,GÜRCİSTAN,4,"$75,007","[""origingeorgia@origingeorgia.ge""]",,"[""3638106519""]","[""საქართველო, ქ. თბილისის, ვაკე-საბურთალოს რაიონი, ნ.რამიშვილის ქ., №31""]"
SONNIVA GEORGIA LTD.,GÜRCİSTAN,113,"$72,698","[""sales@sonnivageorgia.com""]",,"[""269 36 99"",""(571) 65 11 33"",""(574) 23 40 84""]","[""Tbilisi, NADZALADEVI, 1 Mekanizatsia St.""]"
TK MESHENI LTD,GÜRCİSTAN,16,"$72,177","[""tchkonia@hotmail.com""]","[""https://www.trademo.com/companies/tk-msheni-ltd/47734110""]","[""3638106519""]",
DS WHITE LINE,GÜRCİSTAN,10,"$71,434",info@dsg.ge,https://dsg.ge,995596991111; 995596771111; 995596701111; 995596551111; 995596881111,"Batumi, Georgia, Str. K.Gamsakhurdia N13"
DEMU GROUP LLC,GÜRCİSTAN,8,"$71,021",,"[""https://en.52wmb.com/buyer/177922168""]","[""2520200090"",""0959298463"",""0429900000"",""01693002200"",""0221000019"",""+8616621075894"",""3214900000"",""4016930022""]",
FACAD SYSTEM LTD,GÜRCİSTAN,2,"$70,779","[""info@facade-systems.com"",""accounts@facade-systems.com""]","[""https://facade-systems.com/""]","[""0588235294"",""+0588235294118"",""2352941176"",""4705882352"",""4705882353"",""+05882352941"",""4117647058"",""3529411764"",""+04635364827"",""+03300437436""]","[""47 Hamilton Square, Birkenhead, CH41 5AR""]"
SOLAR ENERGY GEORGIA LLC,GÜRCİSTAN,2,"$70,372","[""info@solar.ge""]","[""www.solar.ge""]","[""252 59 69"",""(599) 15 54 83""]","[""0159, Tbilisi, Didube-Chugureti District, Chachava str. 6"",""Tbilisi, DIGOMI, 6 Chachava St., Fl. 1, R. 2""]"
AES LLC,GÜRCİSTAN,6,"$68,726",careers@aes.com; katie.lau@aes.com,https://www.aes.com/contact,13172618261; 5072062600; 310207970700; 5712869362; 55226868900; 17035221315,
LTD MARULA CODE: 400015229,GÜRCİSTAN,20,"$66,657",,"[""https://www.bia.ge/EN/Company/6576"",""https://en.52wmb.com/buyer/139914254"",""https://en.52wmb.com/buyer/33566788""]","[""0959298463"",""+8616621075894"",""3824999690"",""3214101000"",""0429900000"",""3926909790""]","[""georgia tbilisi feiqrebis 14""]"
LTD LILUTA,GÜRCİSTAN,15,"$66,324","[""info@liluta.ge""]","[""https://liluta.ge""]","[""579 06 00 06""]","[""თბილისი, თვალჭრელიძის III შესახვევი"",""Tbilisi, Tvalchrelidze III turn""]"
BRIGHT ENERGY,GÜRCİSTAN,2,"$66,266","[""bsmith@cherrystreetenergy.com"",""customerservice@brightenenergy.com"",""public@te.ge"",""info@ener.ge"",""brightgeorgiafoundation@gmail.com"",""damien@bright-energy.eu"",""info@bright-energy.eu""]","[""https://www.brightenenergy.com/call-us"",""https://www.cherrystreet.com/contact"",""https://te.ge/ka/contact.html"",""https://www.brightgeorgia.org/contact"",""https://www.bright-energy.eu/""]","[""065619342673"",""04720931799"",""04374494673"",""8332414594"",""3741166560"",""04721657729"",""05697476556"",""0006374116656"",""3906872912"",""04720867134"",""9950322880820"",""995322404004"",""995514775885"",""995597333333"",""2978975399"",""3568858529"",""+32486552200"",""0956177924"",""3248655220""]","[""1000 Marietta St NW, Suite 290 Atlanta, GA 30318"",""Besiki Business Center 4 Besiki Street Tbilisi, GEORGIA 0108"",""Ottergemsesteenweg Zuid 713 9000 Ghent Belgium""]"
LUMINOR GROUP LTD,GÜRCİSTAN,77,"$65,169","[""info@luminor.ge""]","[""https://luminor.ge/""]","[""+995577212130""]","[""Batumi, Georgia""]"
IDEA MELIKISHVILI LTD,GÜRCİSTAN,2,"$64,855","[""info@idea.ge""]","[""https://idea.ge""]","[""+995-577-52-25-85"",""+995-577-73-47-27""]","[""Georgia, Tbilisi, 0156"",""Georgia, Tbilisi, 0159""]"
SPECIMPEX LLC,GÜRCİSTAN,1,"$64,470","[""service@nbd.ltd"",""info@bia.ge"",""sales@bia.ge""]","[""https://en.nbd.ltd/trader/info/I9NBD202620583"",""https://www.bia.ge/EN/Company/84414?VisitCompanyType=3&ServiceCategoryId=64&ServiceId=4914""]","[""0630729000"",""0690000019"",""+0701324008243"",""+0708373374976"",""+0718602024141"",""+0721955789619"",""+0725057477427"",""2104900901"",""3063072900"",""3069000001"",""+995577730033"",""+05646449730"",""5632056464"",""5577730033""]","[""0113, Tbilisi, Isani-Samgori District, Cholokashvili str., Apartm. 21""]"
EVROMSHENI LTD,GÜRCİSTAN,6,"$63,672","[""evromsheni1@gmail.com""]",,"[""+995599574041""]","[""Enukidzis 9""]"
LLC SATAKHA I/N 236689696,GÜRCİSTAN,2,"$63,600","[""info@borjomipalace.ge""]","[""https://www.borjomipalace.ge""]","[""+9950322430031"",""+9950322430032"",""0322430031"",""0322430032"",""2999996250"",""4696592813"",""5032243003"",""2743435207"",""3638106519""]","[""Georgia, Borjomi, Gamsakhurdia Street #17""]"
MAIN CONSTRUCTION LTD.,GÜRCİSTAN,6,"$60,851","[""chonqa@gmail.com""]","[""https://www.companyinfo.ge/ka/corporations/901634"",""https://www.bia.ge/Company/121451""]","[""3638106519""]","[""საქართველო, ბათუმი, შ.რუსთაველის ქ. N42""]"
KURTOGLU  GEORGIA LTD,GÜRCİSTAN,28,"$60,247","[""info@alu.ge""]","[""https://alu.ge/english/contacts""]","[""599 25 63 63""]","[""Qiziki Str. N24, Tbilisi, Georgia""]"
BRCG LLC,GÜRCİSTAN,4,"$53,101","[""sales@brc.ge""]",,"[""+995 593 32 00 23""]","[""მექანიზაციის ქ. 1, თბილისი, საქართველო"",""ზაირა კიკვიძის 4 (მექანიზაციის 1), თბილისი, საქართველო""]"
MONTİ GROUP LLC,GÜRCİSTAN,4,"$52,810","[""info@monttech.am"",""helpme@monttech.ae"",""support@mont.ru"",""info@monttech.ae"",""sales@monttech.ge"",""info@monttech.ge""]","[""https://monttech.ge/en-ge""]","[""+71992547409"",""+094689999999"",""2184997867"",""3144130122"",""2338729028"",""2796797225"",""3222928474"",""3178744045"",""2256945678"",""2468900940""]",
DIO LTD,GÜRCİSTAN,8,"$52,697","[""info@dio.ge""]","[""https://dio.ge"",""https://dio.ge/english/contacts""]","[""+995322361112"",""+995322331199"",""+995322192121""]","[""Tbilisi (Dighomi) 12th km D. Agmashenebeli Alley №3 Parsadani. Str, Tbilisi, Georgia"",""Tbilisi (Saburtalo) 79 Tsintsadze Str., Tbilisi, Georgia"",""Batumi 128/134 Vakhtang Gorgasali str., Batumi, Georgia"",""Kutaisi 20 Ilia Chavchavadze str., Kutaisi, Georgia"",""Telavi 52 al. Chavchavadze ave., Telavi, Georgia""]"
NKY STAR CONSTRUCTION GEORGIA,GÜRCİSTAN,8,"$52,383","[""info@nky.com.sa"",""info@nky.com.tr""]","[""https://nky.com.tr/nky-georgia/""]","[""+96522271692"",""+971044278736"",""+77172472517"",""+966112039300"",""5547336157"",""3122203095""]","[""Office in Tbilisi, Georgia""]"
YONPAS GEORGIA LTD,GÜRCİSTAN,7,"$52,214","[""info@yonpas.com""]","[""https://www.yonpas.com/""]","[""+995 322 55 10 00"",""+995 322 551 000"",""+995 599 562 477"",""+995 599 562 027""]","[""ULIANOVI 29 AVCHALIS RAIONI TIBLISI"",""4g Libani St., Avchala, Tbilisi"",""7 Orbeliani St., Batumi""]"
ARSIGROUP LTD ŞTİ.,GÜRCİSTAN,2,"$52,101","[""trading@arsigroup.al"",""info@arsigroup.al""]","[""http://biz.aris.ge/?language=en"",""https://arsigroup.al/sq/contact/""]","[""+995322192121"",""355672000306"",""355693825808""]",
LTD.FLEXMEDİA 401978311,GÜRCİSTAN,7,"$51,916","[""production@flexmedia.ge"",""sales@flexmedia.ge""]","[""https://flexmedia.ge/""]","[""+995577468587"",""+9950322397430""]","[""ვაჟა ფშაველას პირველი ჩიხი 1/43, Tbilisi, Georgia""]"
VIVA-JALUZI,GÜRCİSTAN,21,"$51,500","[""info@vivajaluzi.com""]","[""https://vivajaluzi.ge/""]","[""+995 32 245 44 99"",""032 245 44 99""]","[""0144, Tbilisi, Isani-Samgori District, Ialbuzi str. 12"",""Tbilisi, Ialbuzis Street #12""]"
LTD NK GROUP,GÜRCİSTAN,9,"$51,003","[""sales@nkgroup.ug"",""info@nkgroup.ug""]","[""https://korter.ge/en/nk-group"",""https://nkgroup.ug/"",""https://nkgroup.ug/contact-us/""]","[""+995322054262"",""+995322054272"",""4165252691"",""5311128274"",""4616337861"",""+256393247286"",""+256780338797""]","[""Nasser Road, Sayuuni Towers Level 4, Room N-01 P.O. Box 72943 Kampala – Uganda""]"
LIMITED LIABILITY COMPANY DELTAPRO LLC,GÜRCİSTAN,2,"$50,573",,"[""http://www.deltapro.am/""]","[""+919743155525"",""7713424446"",""7722277710""]","[""Аршакуняц 34, Ереван, Армения 0026""]"
LTD ARDI,GÜRCİSTAN,3,"$50,522","[""office@ardi.ge""]","[""https://ardi.ge/""]","[""0322101010"",""0692222523"",""3583806922"",""2777744611"",""3776525695""]","[""28 Zurab Anjaparidze street, Tbilisi, Georgia, 0186""]"
G.V. TRANS LLC,GÜRCİSTAN,3,"$50,196","[""info@gv-group.ge""]","[""https://gv-group.ge/""]","[""+995555719132""]","[""გიორგი მიროტაძის ქ. 6, თბილისი, საქართველო""]"
LTD LAKO,GÜRCİSTAN,3,"$49,828","[""info@lako-georgia.ge""]","[""https://lako-georgia.ge/en/"",""https://lako-georgia.ge/en/contacts/""]","[""+995 595 66 86 86"",""032 2 060 077"",""0619430218"",""5506194302""]","[""Mtskheta, Tserovani village, Georgia""]"
AD MARKET LTD. 400103927,GÜRCİSTAN,6,"$49,746","[""admarket.ge@gmail.com""]","[""https://admarket.ge/""]","[""+995 551 552 501"",""+995 595 595 161"",""+995 598 261 212"",""+995 593 12 14 11"",""+995 595 59 51 61""]","[""5 Erekle II Lane, Old Tbilisi, Tbilisi, Georgia""]"
MINIS TSERTILI LTD(GLASS POINT LTD),GÜRCİSTAN,3,"$47,889",,"[""https://en.nbd.ltd/trader/info/I9NBD203075412""]","[""+995322500080""]","[""Vani St. 4, Tsereteli avenue, Tbilisi"",""Sarajishvili St. 14, Avchala, Tbilisi""]"
DECOROOM MARKET LLC,GÜRCİSTAN,1,"$47,277","[""support@decoroom.work""]","[""https://www.decoroom.work/contact/""]","[""+995 555 02 00 66"",""050521148504""]","[""6 Tornike Eristavi St, Tbilisi, Georgia"",""3-5, Shardeni Street, Tbilisi, Georgia""]"
LTD GARANTI GROUP,GÜRCİSTAN,17,"$47,269","[""info@garantigroup.ge""]","[""www.garantigroup.ge""]","[""(598) 12 30 30"",""(577) 41 40 05"",""(598) 14 38 38""]","[""Batumi, 72 Chavchavadze St., Georgia"",""Tbilisi, 1 Isaakiani dead end, Georgia""]"
ALUTECH LLC,GÜRCİSTAN,15,"$46,687","[""info@alu.ge""]","[""https://alu.ge/english/"",""https://alu.ge/english/contacts""]","[""599 25 63 63""]","[""Kiziki Str. N24, Tbilisi, Georgia""]"
SIMFELT  FURNITURE MATERIALS LLC,GÜRCİSTAN,1,"$45,924",,"[""https://secretaryofstate.com/georgia"",""https://www.tendata.com/en/supplier/simfelt-furniture-materials-llc-GEON5c5fce5ef1a35c61b27d92816c5539f7.html""]","[""+540753009019"",""+392329900019"",""+600690000000"",""0933105662"",""3909331056"",""4046562881"",""+011502003518"",""5683783918"",""5714285714"",""2720921173"",""3101150200"",""2720932311"",""0876007041"",""4087600704""]",
IPS DEVELOPMENT LLC,GÜRCİSTAN,1,"$44,685","[""service@nbd.ltd""]","[""https://en.nbd.ltd/trader/info/NBDX2H178091035""]","[""2700605266"",""0429900000"",""0830000019"",""0241500000"",""+0701324008243"",""+0708373374976"",""+0718602024141"",""+0721955789619"",""+0725057477427"",""3083000001""]",
LLC PERSPECTIVE 82,GÜRCİSTAN,3,"$42,497",,"[""https://korter.ge/ru/perspective-2""]","[""+995322054262"",""+995322054272""]",
EKO LISI LLC,GÜRCİSTAN,3,"$42,351","[""info@ecolisi.ge""]","[""https://ecolisi.ge""]","[""+995551535599""]","[""Mzia Eristavi St. N12""]"
LTD MARULA,GÜRCİSTAN,39,"$41,206","[""tornike_gogebashvili@yahoo.com""]","[""https://companyinfo.ge/en/corporations/399817"",""https://tendermonitor.ge/en/organization/30284""]","[""+99579466867"",""3638106519"",""+830140190019"",""+830241500000"",""+8616621075894"",""0690000019"",""0210000019"",""2677098000"",""3069000001"",""4669280000"",""3916200000"",""3021000001""]","[""Sakartvelo, K. Tbilisis Vake-saburtalos Raionshi, Qazbegis Gamz.,no19, B-32"",""Al.qazbegis n19""]"
LTD OCNEBA,GÜRCİSTAN,2,"$40,570","[""service@nbd.ltd"",""info@enterprise.gov.ge""]","[""https://en.nbd.ltd/trader/info/I9NBD214477911"",""https://www.companyinfo.ge/en/corporations/357065""]","[""+0701324008243"",""+0708373374976"",""+0718602024141"",""+0721955789619"",""+0725057477427"",""0440023893"",""3916200000"",""3925908009"",""3240082433"",""3733749762"",""6785803221"",""3638106519"",""+995322960010""]","[""Sakartvelo, Sagarejo, Sopeli Qandaura""]"
ELT CONSTRUCTION GROUP LLC,GÜRCİSTAN,5,"$40,247","[""info@eltgroup.ge"",""sales@eltgroup.ge"",""procurement@eltgroup.ge"",""finance@eltgroup.ge"",""law@eltgroup.ge"",""marketing@eltgroup.ge""]","[""https://eltgroup.ge/en/""]","[""+995 514 44 00 00"",""+995 422 40 00 40"",""+995 514 22 22 00"",""+995 514 22 22 33"",""+995 514 22 22 55"",""+995 514 22 22 66"",""+995 514 22 22 44"",""+995 577 24 52 18"",""+995 557 57 03 30"",""+995 577 29 29 35"",""+995 577 07 10 37"",""+995 577 23 03 09"",""+995 577 21 72 22"",""+995 512 22 22 42"",""+995 577 24 25 16""]","[""N18, R. Nizharadze str. Batumi, Georgia"",""12 R. Holbrooke Street, Tbilisi, Georgia"",""Dighomi, Tbilisi, Georgia""]"
LTB BROCOMP - (GÜRCİSTAN) - 88,GÜRCİSTAN,6,"$39,896","[""ltb@ltb.ge""]","[""https://ltb.ge""]","[""+995322667161"",""+995322667162"",""+995322667163""]","[""2 Eristavi str., Tbilisi, Georgia"",""21 T. Eristavi St., Tbilisi, Georgia""]"
GLASS GALLERY,GÜRCİSTAN,4,"$39,076","[""info@glassgeorgia.ge"",""maryam.p@glassgeorgia.ge"",""amir.p@glassgeorgia.ge"",""azade.a@glassgeorgia.ge""]","[""https://www.glassgeorgia.ge/index.php/en/""]","[""+995599566319"",""+905344939866"",""0673744075004"",""0673744075005""]","[""Vakhtang Gorgasali st. #115 Tbilisi Georgia""]"
ECOGROUP TRANS LTD,GÜRCİSTAN,1,"$38,790",lctransgeorgia@gmail.com,,0568553808; 011502003518,"საქართველო, თბილისი, გლდანის რაიონი, გლდანი, V მ/რ., კორ. 19, ბ. 63"
GEOALUM LLC,GÜRCİSTAN,2,"$38,463",,,,
TAZHI GROUP LTD,GÜRCİSTAN,15,"$38,105","[""tazhi.group@gmail.com""]","[""www.tazhi.ge""]","[""+995 32 2 47 97 91"",""+995 591 54 07 54"",""+995 598 00 21 15"",""+995 322 432 432""]","[""1 David Kobakhidze II Lane, Tbilisi, Georgia"",""E. Mindeli Street 5, Tbilisi, Georgia""]"
DNT CONSTRUCTION LLC,GÜRCİSTAN,110,"$38,043","[""bidssa@dntconstruction.com"",""bidsa@dntconstruction.com"",""bidsaus@dntconstruction.com"",""inquiries@dntconstruction.com"",""bidshou@dntconstruction.com""]","[""https://www.dntconstruction.com/""]","[""+15128376700"",""+15128376701"",""+12104906700"",""+13466150880"",""+13466150881"",""5128376700"",""5128376701"",""2104906700"",""2104906701"",""3466150880""]","[""2300 Picadilly Drive Round Rock, TX 78664"",""18954 Redland Road San Antonio, TX 78259"",""25145 Star Lane suite 105 Katy, TX 77494""]"
LTD OPTIMUM COMPANY,GÜRCİSTAN,11,"$37,527","[""info@optimum.com.ge"",""info@optimum.ge""]","[""https://optimum.com.ge"",""https://optimum.ge/en/""]","[""+995322252537"",""+995514001101"",""+995322324411"",""+995322181307""]","[""32a, Al. Kazbegi Ave., Tbilisi, Georgia"",""Taktakishvili 11, Tbilisi, Georgia"",""16, Kikodze Str., Tbilisi, Georgia""]"
IDEA MELİQİSHVİLİ,GÜRCİSTAN,1,"$36,666","[""info@idea.ge""]","[""https://idea.ge""]","[""+995-577-52-25-85"",""+995-577-73-47-27""]","[""Georgia, Tbilisi, 0156"",""Georgia, Tbilisi, 0159""]"
LG GROUP,GÜRCİSTAN,3,"$36,444","[""info@lggroup.ge""]","[""https://lggroup.ge""]","[""+995322500080"",""+995 32 250 00 80""]","[""Vani St. 4, Tsereteli avenue, Tbilisi"",""Sarajishvili St. 14, Avchala, Tbilisi""]"
ANAGI ART HOUSE,GÜRCİSTAN,10,"$36,185",info@artfoundationanagi.com; info@artfoundationanagi.ge,https://artfoundationanagi.com/,995322299029,"12 Zurab Avalishvili St, 0179 Tbilisi, Georgia"
UPCO LLC SABURTALO,GÜRCİSTAN,1,"$35,493","[""info@upco.ge""]","[""https://upco.ge/""]","[""+995 596 43 33 33"",""+995322104021""]","[""თბილისი, თეიმურაზ I-ის ქუჩა, N8"",""Tbilisi, Teimuraz I Street, N8""]"
M DESIGNE LTD,GÜRCİSTAN,1,"$34,917","[""contact@mdesign.ge""]","[""http://www.mdesign.ge""]","[""+995 225-39-21"",""+995 223-15-87""]","[""Mosashvili Street 11, Tbilisi, Georgia""]"
KAFKASTUR GEORGIA LLC - USD,GÜRCİSTAN,32,"$34,638","[""beqa-2008@mail.ru""]",,"[""3638106519"",""2880829057"",""2677611078""]","[""Sakartvelo, Batumi, Zubalashvilis K., No 22""]"
INOX STUDIO,GÜRCİSTAN,1,"$34,377","[""info@inoxstudio.com""]","[""http://www.inoxstudio.com""]","[""(595) 28 02 72"",""(598) 45 85 95""]","[""6v Libani St, Tbilisi, Georgia""]"
GLASS WORK LLC,GÜRCİSTAN,22,"$34,101","[""info@glasswork.ge"",""sales@glasswork.ge""]","[""https://glasswork.ge""]","[""+995 032 2 404 999"",""+995 032 2 403 999""]","[""50 Rustavi Highway, 0165 Tbilisi, Georgia""]"
GZAJVAREDINI LTD,GÜRCİSTAN,6,"$33,537","[""info@crossroad.ge""]","[""http://www.crossroad.ge""]","[""+995322308085""]","[""Grigol Lortkipanidze 122, Tbilisi, Georgia"",""122 Grigol Lortkipanidze str. Tbilisi, 0145, GE""]"
GRANDE GROUP LTD,GÜRCİSTAN,5,"$33,162","[""info@grandegroup.ge""]","[""https://www.grandegroup.ge/en/"",""https://www.grandegroup.ge/en/contact/""]","[""595 90 99 99"",""+995 595 90 99 99""]","[""Tbilisi, Krtsanisi District, Krtsanisi Second Lane #35"",""თბილისი, კრწანისის მე-2 შესახვევი, სახლი: 17""]"
ORBI GROUP BATUMI ID-445468798,GÜRCİSTAN,9,"$32,484","[""info@orbi.ge"",""sales@orbi.net"",""info@orbihotels.com"",""kz@orbi.net"",""moscow@orbi.net""]","[""https://www.orbi.ge/"",""https://www.orbihotels.com/"",""https://www.orbigroup.info/index-en.html"",""https://5231-ge.all.biz/contacts""]","[""+995 555 31 00 00"",""+995 (599) 57-08-59"",""+995 555 33 00 00"",""+995 422 200 250"",""+49 1520 5455500"",""+49 6940 898710"",""+48 221 530 711"",""+7 717 247 6240"",""+7 727 355 2525"",""+90 5544555555"",""+994 412 310 09 14"",""+7 495 150 5505""]","[""7b Sheriff Khimshiashvili Street, Batumi, Autonomous Republic of Adjara, Georgia"",""Commercial Space 1, Block A, Floor 1, 7b Sheriff Khimshiashvili Street, Batumi, Georgia"",""Sh. Khimshiashvili str. 7, Batumi (6010), Georgia""]"
LTD ACCORDO 2024,GÜRCİSTAN,3,"$31,823",,"[""https://find-and-update.company-information.service.gov.uk/company/15263168"",""https://www.bia.ge/EN/Company/AdvancedSearch""]","[""2745832029"",""+995322195555""]",
ESKADRA GROUP LLC,GÜRCİSTAN,2,"$31,753","[""service@nbd.ltd"",""davidzviadauri@icloud.com""]","[""https://en.nbd.ltd/trader/info/I9NBD202869786"",""https://www.tendata.com/en/buyer/eskadra-group-llc-GEON4b8a4d461cd28e2c4f50242e1ffe3a66.html"",""https://www.companyinfo.ge/en/corporations/890578""]","[""0350000019"",""0242000000"",""0360100000"",""0161000019"",""+0701324008243"",""+0708373374976"",""+0718602024141"",""+0721955789619"",""+0725057477427"",""4035000001"",""+011502003518"",""5683783918"",""5714285714"",""2721723300"",""3101150200"",""3638106519""]","[""Sakartvelo, Tbilisi, Saburtalos Raioni, Vashlijvari, V. Goziashvilis K., N 27a, B. 6""]"
METTA LTD.,GÜRCİSTAN,3,"$31,607","[""info@metta.ge""]","[""https://www.metta.ge/""]","[""+995322880440"",""0322880440""]","[""55 Sairme St., Tbilisi, Georgia"",""5 I.gagarinis St, Tbilisi, Georgia""]"
LTD INTER CONSTRUCTION,GÜRCİSTAN,1,"$31,209","[""info@interconstruction.ge""]","[""https://www.interconstruction.ge""]","[""+995571977677"",""+995557139215""]","[""King tamar street 14, Batumi, Georgia""]"
LLC BD PROPERTY,GÜRCİSTAN,1,"$31,196","[""bd.group.realty@gmail.com""]","[""https://bdgroup.ge/en/""]","[""+995322171777"",""+01713637305"",""+01753533228"",""+995598154004"",""+995511210404"",""0025811342"",""+0171252339055"",""5002581134"",""5598154004"",""5312314383"",""4061853297"",""4062566834""]","[""3-5 Kazbegi str. (Okrokana vil.) Tbilisi, 0105 Georgia""]"
PHONENIX PROJECT MANAGEMENT LTD,GÜRCİSTAN,1,"$31,150","[""info@phoenixpm.ge""]","[""https://www.phoenixpm.ge""]","[""+995 599 244477"",""+995 577 55 55 73""]","[""31, asi atasi motsame st., 0131 Tbilisi, Georgia""]"
LTD MEGOBROBA SANAPIROZE,GÜRCİSTAN,5,"$30,388","[""info@megobroba.ge""]","[""https://megobroba.ge/""]","[""(+995) 32 2 622 122"",""+995 574162900""]","[""Sales Office: Tbilisi, 66a Guramishvili Avenue"",""Project Location: 51 Cosmonauts Embankment, Didube, Tbilisi""]"
ERTOBA LTD,GÜRCİSTAN,3,"$30,085","[""info@ertoba.ge""]","[""http://ertoba.ge""]","[""+995 595 337733"",""+995 32 2670161""]","[""VII m/d Gldani, david jabidze str. #8, Tbilisi, 0107, Georgia""]"
NIMEX GEORGIA LLC,GÜRCİSTAN,3,"$30,050","[""info@nimex.az""]","[""https://nimex.ge/""]","[""(+994 12) 564 02 79"",""0475886305"",""0405584807"",""4489904095"",""5851047588"",""4133040558""]","[""ბაქო, აჰმად რაჯაბლის ქუჩა 50E, Baku, Azerbaijan""]"
GEO ENERGY LLC,GÜRCİSTAN,9,"$29,363",,"[""https://geoenergyllc.com/""]","[""0146020521"",""8002139508"",""5018432505""]","[""600 Brookstone Centre Parkway Columbus, GA 31904""]"
SHADOW PROFİLE LLC,GÜRCİSTAN,26,"$28,927","[""shadowgapprofile@gmail.com""]","[""https://www.facebook.com/shadowgapprofile1/""]","[""+995 598 88 44 11""]",
GRIGOR MGDESIAN,GÜRCİSTAN,5,"$27,685","[""service@nbd.ltd""]","[""https://en.nbd.ltd/trader/info/NBDX2H177885792"",""https://en.52wmb.com/buyer/139833181""]","[""+228103226838"",""+32001000540"",""0429900000"",""0249000000"",""0421000000"",""+0701324008243"",""+0708373374976"",""+0718602024141"",""+0721955789619"",""+0725057477427"",""3638106519"",""+8616621075894"",""0151009000"",""2677098000"",""3024900000"",""5015100900"",""5269200901"",""2722262184""]",
LTD IMERI  USH.CHXEİDZE STREET N96,GÜRCİSTAN,2,"$27,620","[""showroom@imeri7.ge"",""hello@loftpineapple.com"",""kirovi@imeri7.ge"",""kutaisi@imeri7.ge"",""otkhiani4@imeri7.ge"",""diromi@imeri7.ge""]","[""https://en.52wmb.com/buyer/139746694"",""https://www.yell.ge/company.php?lan=eng&id=162160"",""https://imeri7.ge""]","[""+940360100000"",""+940161000019"",""+940350000019"",""+8616621075894"",""0220000000"",""0242000019"",""2677098000"",""3022000000"",""4835080001"",""3024200001"",""+0795765794221"",""+0754293344615"",""+015658191005"",""+075684469438"",""+514788740"",""0376738732"",""+09451363883"",""0319566068"",""+521135434"",""+036854775807"",""3919908090"",""2722308444"",""5894336373"",""+995599727972"",""+995596809988"",""+995551550276"",""0461544148"",""3526704615"",""2996999999"",""4838999999"",""+00000000000"",""+08180305391"",""+0313095458623"",""+0212707519531"",""+03053914031"",""3095458623"",""3825637102"",""2707519531"",""+995599448977"",""+995591544057"",""+995595003256"",""5551550276"",""5599448977""]","[""თბილისი დავით აღმაშენებლის ხეივნის მე-10 კმ, ჭაშნაგირის ქ. N12"",""ქუთაისი გუგუნავას ქ. N13"",""თბილისი თორნიკე ერისთავის ქ. N29, კორპუსი 3 (გიორგი ჭყონდიდელის და თორნიკე ერისთავის ქუჩების კუთხე)"",""ქუთაისი გუგუნავას ქ. N13, სავაჭრო ცენტრი ოთხიანი""]"
LTD   MERMISI   KAPITALI,GÜRCİSTAN,4,"$26,981","[""bd@mermisi.ge""]","[""https://www.mermisi.ge""]","[""+995577124100"",""+995599247020""]","[""142 D. Agmashenebeli Avenue, Tbilisi, Georgia"",""82 Barnov Str., Tbilisi, 0179, Georgia""]"
TOO''BBS ARCHITECTURE DESIGN,GÜRCİSTAN,1,"$26,623","[""info@bbskz.com"",""info@prg.kz""]","[""https://ba.prg.kz/750000000-almaty/170840018222-too-bbs-architecture-design/""]","[""+77479516300"",""87017415577"",""0840018222""]","[""050012, ГОРОД АЛМАТЫ, АЛМАЛИНСКИЙ РАЙОН, УЛ. МАСАНЧИ, Д. 76, КВ. 61""]"
DURMUSHOGLU LTD,GÜRCİSTAN,2,"$25,977","[""durmusoglunakliyat@hotmail.com""]","[""www.durmusoglunakliyat.com.tr""]","[""(+995) 577 74 61 61""]","[""Gudauta Sokağı N4, Tiflis, Gürcistan""]"
LTD.ERTOBA,GÜRCİSTAN,1,"$25,899","[""info@ertoba.ge""]","[""http://ertoba.ge""]","[""+995595337733"",""+995322670161""]","[""VII m/d Gldani, david jabidze str. #8, Tbilisi, 0107, Georgia""]"
ALALI PRIME TRADE LTD,GÜRCİSTAN,17,"$25,697",info@alali.ge,https://www.alali.ge,995588887272,
"LTD UPTRADE QİNDZMARAULİ İMPASSE 5/7, 0137 TBILISI",GÜRCİSTAN,8,"$25,253","[""Info@uptrade.ge"",""info@uptrade.ge""]","[""https://uptrade.ge/"",""www.uptrade.ge""]","[""+995 555 111 401"",""555 11 14 01"",""(555) 11 14 01""]","[""Tbilisi: Kindzmarauli alley 5/7, 0137 Tbilisi, Georgia"",""5/7 Kindzmarauli Lane, Tbilisi 0137, Georgia""]"
ARUSYAK MGDSYAN-ELIPS SHIN CODE: 32001013868,GÜRCİSTAN,2,"$25,233",,"[""https://companyinfo.ge/en/corporations/256364""]","[""3638106519""]",
REFIX TBILISI,GÜRCİSTAN,13,"$25,120","[""info@reffix.ge""]","[""https://www.refix.ge""]","[""995322560025""]","[""Tbilisi, A. Tvalchrelidze 2a"",""Batumi, M. Lermontovi 141"",""0105, Tbilisi, ძველი თბილისის რაიონი, ლ. ასათიანის ქ. 38""]"
UNIQUE SOLUTIONS LTD,GÜRCİSTAN,26,"$24,690","[""contact@uniquesolutions.com""]","[""https://www.uniquesolutionsltd.com/""]","[""+923001234567"",""3001234567"",""0703526194""]",
GEO FACADE SYSTEMS LTD,GÜRCİSTAN,2,"$24,549","[""temo.geofasadi@gmail.com""]","[""https://ggf.ge/en/contact"",""http://geofacade.ge/en""]","[""+995596348484"",""995322372754"",""(595) 117 250""]","[""Tbilisi, 2 Gamrekeli St., fl. 5""]"
GTEM HOSPİTALİTY LLC,GÜRCİSTAN,1,"$24,453","[""info@oktogroup.ge""]","[""https://oktogroup.ge/""]","[""2880829057"",""2677611078"",""+995585888883"",""5567701656"",""5585888883""]","[""4–6 Rustaveli Ave, Batumi, Georgia""]"
LLC NEXT GONIO,GÜRCİSTAN,3,"$24,332","[""info@nextgroup.ge""]","[""https://next-property.com/""]","[""+995574330033"",""+995514111111"",""+380676162222"",""+77479289898"",""+971522764664"",""+254769444440""]","[""Batumi, Kostava st. 20"",""Batumi, Luka Asatiani st. 18"",""Tbilisi, 37m Ilia Chavchavadze Avenue"",""Tbilisi, Tsurtsumia st. 12""]"
LTD.ALUPLAST GLASS,GÜRCİSTAN,3,"$23,761","[""ltd.aluplast.glass@gmail.com""]",,"[""593 70 80 80"",""593 444885""]","[""საქართველო, ქობულეთი, ს. ალამბარი, 1–ლი ქ., N 21"",""Sajavakho-Chokhatauri-Ozurgeti-Kobuleti, Alambari, Georgia""]"
ANAGI LLC.,GÜRCİSTAN,10,"$23,427","[""info@anagi.ge"",""office@anagi.ge""]","[""https://anagi.ge""]","[""+995322241211"",""+995422274139"",""2723450400""]","[""No. 37/39 Kostava Street, Tbilisi, Georgia, 0179"",""No. 1a Pirosmani Street, Batumi, Georgia, 6009""]"
LTD WINDOW STYLE,GÜRCİSTAN,2,"$23,372","[""infowindowstyle@gmail.com"",""infowindowsstyle@gmail.com""]","[""https://windowstyle.ge/""]","[""+995574229799""]","[""თბილისი, ნიკოლოზ ყიფშიძის ქუჩა, კორპუსი 10, ა.შ. 85""]"
WORLDHAUS LTD,GÜRCİSTAN,2,"$22,704",,"[""https://en.52wmb.com/buyer/177576410""]","[""+8616621075894"",""0429900000"",""2677098000"",""4289090900"",""4281020901"",""3926909790"",""2722605667"",""3973334029""]",
ROAD SAFETY SYSTEMS LLC,GÜRCİSTAN,12,"$21,865",,,"[""8008325660"",""7032804001"",""6098019332""]","[""1512 MAYS LANDING RD HAMMONTON, NJ 08037""]"
IMBA-2020 LLC,GÜRCİSTAN,8,"$21,807",,,"[""+052709837554"",""3897605270"",""2000000000"",""3158516699"",""2677098000"",""2722850256"",""2722877314"",""2722878900"",""2722901410"",""+14807453397"",""+18553741199"",""+18555739976"",""0202159972"",""3844102021"",""2722928697"",""2722928698"",""5277399999"",""4517399999""]","[""Iv Javakhishvili Street №91 Apartment №2b, Tbilisi, Georgia""]"
LTD MİEN,GÜRCİSTAN,10,"$21,621","[""info@miencompany.com""]","[""https://miencompany.com/""]","[""6168181970"",""0151951076"",""+00000000000"",""2503381673"",""4624441374"",""3359679952"",""3359681585"",""4193286639"",""+021609075495"",""+50647734917""]","[""2547 3 Mile Rd NW STE F Grand Rapids, MI 49534"",""1661 Monroe Ave NW Grand Rapids, MI 49505""]"
CITY LLC,GÜRCİSTAN,4,"$21,496","[""luxury@paragraphhotels.com""]","[""https://www.paragraphhotels.com""]","[""+995322448888"",""0461544148"",""3526704615"",""5322448888""]","[""Tbilisi, SOLOLAKI, 7 Freedom Square""]"
DHA LLC,GÜRCİSTAN,4,"$21,448",,"[""https://www.tendata.com/en/supplier/dha-llc-GEON8632e15c49436e175d8a6b937dc2ef81.html"",""https://www.georgiayp.com/category/Import_and_Export_agents/city:Tbilisi""]","[""+940340900000"",""+680221000019"",""+940320809000"",""+011502003518"",""5683783918"",""5714285714"",""2723088783"",""3101150200"",""+052709837554"",""3897605270"",""2470081442"",""2000000000"",""2723109009"",""2723120243""]",
EXINPRO LTD,GÜRCİSTAN,5,"$21,441","[""archil.khvedeliani@exinpro.ge""]",,"[""+995322181774""]","[""Ts.dadianis 39, Tbilisi, Georgia""]"
AVLABARI CITY LTD.,GÜRCİSTAN,7,"$21,362","[""service@nbd.ltd"",""info@ertoba.ge"",""info@08.ge"",""r.babaeva@gmail.com""]","[""https://en.nbd.ltd/trader/info/NBDX2H177447498"",""https://en.52wmb.com/buyer/140013841"",""https://www.08.ge/organizations/view/280743/avlabari-siti""]","[""0169000019"",""0360909000"",""0179000019"",""0360100000"",""0399100000"",""0330990000"",""+0701324008243"",""+0708373374976"",""+0718602024141"",""+0721955789619"",""+8616621075894"",""0320809000"",""0890980018"",""0721000000"",""0360909000"",""2722878900"",""4032080900"",""3089098001"",""4036090900"",""2723176428"",""+995591151168"",""+995591165555"",""+995322987589"",""+995577040028"",""+995577157530"",""+995577602602"",""+995322910808"",""4335943030"",""2968754719"",""3295639732""]","[""Moscow Ave. -15, Tbilisi 0120, Georgia (Samgori district)""]"
NOBAY LLC / LİMİTED LİABİLİTY COMPANY,GÜRCİSTAN,12,"$21,076",,,"[""2880829057"",""2677611078"",""0933105662"",""3909331056"",""4046562881"",""2722878900"",""3921906000"",""2723319215"",""2231508599""]",
LAZIKA RESIDENCE LLC ID: 419983824,GÜRCİSTAN,3,"$20,622","[""info@lazikaresidence.com""]","[""https://bm.ge/en/news/govt-transfers-land-worth-gel-950000-to-lazika-residence-for-its-own-construction-project"",""https://korter.ge/en/lazika-residence-zugdidi""]","[""+995598705555"",""+995322054262"",""+995322054272""]","[""Ganmukhuri, Megobroba Alley, 1, Zugdidi Municipality, Samegrelo-Zemo Svaneti, Georgia""]"
L.T.D. HOF,GÜRCİSTAN,5,"$20,520","[""import.hof@protonmail.com""]","[""https://companyinfo.ge/en/additional-search"",""http://biz.aris.ge/?language=en""]","[""3638106519"",""+995322192121"",""5589948630""]",
LTB ERGO,GÜRCİSTAN,4,"$20,456","[""ltb@posta.ge"",""info@ergo.ge""]","[""5260-ge.all.biz"",""www.ergo.ge""]","[""+995322667161"",""+995322665956"",""595906807"",""595906804""]","[""2 Eristavi str., Tbilisi, Georgia"",""117 Tsereteli Ave., Tbilisi, Georgia""]"
LTD EKOVIN,GÜRCİSTAN,2,"$20,387","[""info@ecoville.ge""]","[""https://ecoville.ge/en/""]","[""+995575777788"",""+056939964690"",""+0873347179952"",""+0963420648746"",""5575777788"",""5889131031"",""4562429367"",""4180569399"",""3180357022"",""2459087334""]","[""ქეთევან წამებულის 54 თბილისი 0144, საქართველო""]"
DAVIT KITIASHVILI,GÜRCİSTAN,7,"$20,263","[""davit.kitiashvili@thebigword.com""]","[""https://en-us.thebigword.com/contact/""]","[""1-646-768-1183""]","[""Tbilisi, Georgia""]"
ZILLER GROUP,GÜRCİSTAN,4,"$20,145","[""info@ziller.ge""]",,"[""(593) 00 90 50""]","[""0177, Tbilisi, Vake-Saburtalo District, Upper Vedzisi str. 97"",""Tbilisi, 7 Agladze St."",""Тбилиси, АВЧАЛА, Ул. Лазо 1""]"
LTD VILLA INVEST,GÜRCİSTAN,12,"$19,277","[""info@villainvest.net""]","[""https://villainvest.net/"",""https://korter.ge/ru/villa-invest""]","[""+995322054262"",""+995322054272"",""9046071880""]",
VIVA JALUZI 0144 IALBUZI,GÜRCİSTAN,6,"$18,954","[""info@vivajaluzi.com""]","[""https://vivajaluzi.ge"",""http://www.vivajaluzi.com""]","[""+995 32 245 44 99"",""032 245 44 99""]","[""Ialbuzi str. 12, 0144 Tbilisi, Isani-Samgori District, Georgia""]"
ELİTA BURJİ LTD,GÜRCİSTAN,3,"$18,880","[""info@elitaburji.com""]","[""http://elitaburji.com""]","[""+995322791331"",""+995 32 279 13 31""]","[""ბ.ხმელნიცკის ქ.№42 თბილისი, საქართველო 0136"",""Beri Gabriel Salosi str.118, Tbilisi, Georgia 0136""]"
DOORS LLC,GÜRCİSTAN,10,"$18,847",,,,
URBAN ELEMENTS LLC,GÜRCİSTAN,10,"$18,827","[""info@urbanelements.ge"",""dkurbanelements@gmail.com""]","[""https://urbanelements.ge"",""https://urbanelements.ge/en/contact""]","[""+995 (0)32 243 22 83"",""+995 322 432283"",""(599) 51 04 44""]","[""Z. Paliashvili 53, Tbilisi, Georgia, 0179"",""53 Zakaria Paliashvili Street, Tbilisi, Georgia""]"
TBILISI CITY LLC,GÜRCİSTAN,5,"$18,822","[""luxury@paragraphhotels.com""]","[""https://www.paragraphhotels.com""]","[""+940360909000"",""+940330910000"",""+940180000019"",""+3864377558"",""2003864377"",""+995322448888"",""0461544148"",""3526704615"",""5322448888""]","[""37m I. Chavchavadze ave. Tbilisi - 0162 Georgia"",""Tbilisi, SOLOLAKI, 7 Freedom Square""]"
FUTURE COMPANY LTD,GÜRCİSTAN,1,"$18,750","[""info@futureltd.org"",""jobs@futureltd.org""]","[""http://futureltd.org/""]","[""+96352464146"",""+963956306313""]","[""Jarmokli station, Kournish street, Qamishli, Syria""]"
LTD GND GROUP 2023,GÜRCİSTAN,5,"$18,336","[""info@gndpartners.com"",""easybarcode@easybarcode.org"",""info@belveder.ge"",""info@gcg.ge"",""info@gc-group.ge""]","[""https://easybarcode.org/4869002014479.html?srsltid=AfmBOor5E8tN8CBMMmFVyXJspFyGOr3wwV-hz272ipkWpeIGGsYTpAeV"",""https://gndpartners.com/about/contact-us""]","[""+995557947587"",""4869002014"",""4869001001"",""4869999999"",""5557947587"",""+97158580077"",""+447597535777"",""+0112258643915"",""3706798484"",""3706700077"",""+9953222261681999"",""+995322428008"",""3947299999"",""0322428008""]","[""43, Ilia Chavchavadze ave, Tbilisi, ZIP code 0179, Georgia""]"
"LLC "" GT DEVELOPMENT """,GÜRCİSTAN,4,"$17,971","[""info@gtinvest.ge""]","[""https://gtinvest.ge/"",""https://korter.ge/en/gt-development""]","[""+995322054262"",""+995322054272"",""+995597112200""]","[""ქ. თბილისი, ლიბანის პირველი ჩიხი"",""Khomli Street, 21 Tbilisi, Vake""]"
LTD FORIS 8,GÜRCİSTAN,1,"$17,673",,,,
EUROFASAD+,GÜRCİSTAN,2,"$17,220","[""info@eurofasad.ge""]","[""https://eurofasad.ge""]","[""+995599110146"",""+995598733909"",""+995322395979""]","[""TBILISI, VAJA-FSHAVELA AVE #52/3"",""Tbilisi, Gakhokidze #2a""]"
L.T.D UNICOM,GÜRCİSTAN,3,"$17,103","[""geounicom@yahoo.com"",""info@uni-com.ge""]","[""https://uni-com.ge""]","[""+995568115359"",""+995568115398"",""+995322369340"",""+995322141970"",""+995592164488""]","[""Agladze Street 7, Tbilisi, Georgia""]"
GREC LLC (405276375),GÜRCİSTAN,2,"$16,666",,,,
VEGA GEORGIA LTD.,GÜRCİSTAN,1,"$16,481","[""online@vega.ge""]","[""https://vega.ge/en""]","[""0322202233"",""+0322202233"",""220 22 33""]","[""72, Nutsubidze St., Tbilisi, Georgia""]"
LTD ATELUXI,GÜRCİSTAN,12,"$16,477",,,,
LTD. LTB,GÜRCİSTAN,57,"$16,412","[""ltb@ltb.ge""]","[""https://ltb.ge"",""https://5260-ge.all.biz/""]","[""+995322667161"",""+995322667162"",""+995322667163"",""0309976134578"",""03099761345""]","[""Georgia, Tbilisi, 2 Eristavi str."",""21 T. Eristavi St., Tbilisi, Georgia""]"
LLC AA3,GÜRCİSTAN,4,"$16,345",,"[""https://www.tendata.com/en/supplier/llc-aa3-GEON3a7b29ef2f618a2cdb751b1aa2020720.html""]","[""+700800890000"",""+761010000019"",""+700729000019"",""+011502003518"",""5683783918"",""5714285714"",""2769276048"",""3101150200""]","[""Tbilisi Chavchavadze Avenue N29-31-33""]"
LTD AMBASSADORI BATUMI,GÜRCİSTAN,36,"$16,266","[""sales@islandambassadori.com"",""info@islandambassadori.com"",""info@ambassadori.com""]","[""https://islandambassadori.com/""]","[""+995322055000"",""+995322055000""]","[""Ioane Shavteli 17, Tbilisi, Georgia"",""Egnate Ninoshvili Str, 11, Batumi, Georgia""]"
BAZALT TRANS VN 405372822,GÜRCİSTAN,3,"$16,248","[""mskhvitaridze@remax-georgia.ge"",""info@transcaucasus.com.ge""]","[""http://www.transcaucasus.com.ge""]","[""+995577404422"",""+9950322333007""]","[""მარნეულის ქუჩა n 46"",""პეკინის გამზ. 5, მე–2 სად. მე–2 სართ""]"
LUKA-2000 LTD,GÜRCİSTAN,3,"$16,006",,"[""https://korter.ge/ltd-luka""]","[""+995322054262"",""+995322054272"",""298-55-53""]","[""41, Tabukashvili Str., Tbilisi, 0108"",""Abastumani Street No: 8, Tbilisi""]"
G-ENCO LLC,GÜRCİSTAN,4,"$15,681","[""info@g-enco.com""]","[""https://g-enco.com/""]","[""+995511444888""]","[""კოტე ხიმშიაშვილების ქუჩა #8, Tbilisi, Georgia""]"
LTD MK ALUPRIFI,GÜRCİSTAN,3,"$15,655",,,,
KURA CONSTRUCTION,GÜRCİSTAN,2,"$15,404","[""kuracons@gmail.com"",""kuraconstruction@yahoo.com""]",,"[""+995 592 00 58 72"",""592 00 58 72""]","[""Rustavi, Georgia"",""Niko Lomouri Street, Rustavi"",""Murman Lebanidze Street, 20ა, Rustavi""]"
ARCHLINE ENGINEERING,GÜRCİSTAN,1,"$15,314","[""info@archline.ge""]","[""https://archline.ge/en/""]","[""0322111100"",""995511107479""]","[""7 Sandro Euli Street, T'bilisi, Georgia"",""5/7 Kindzmarauli Lane, Tbilisi, Georgia""]"
BIG CHEFS GEOIRGIA LLC,GÜRCİSTAN,2,"$14,722",,"[""https://www.bigchefs.com.tr/""]","[""+995558588800""]","[""29 Khimshiashvili Street, Batumi Grand Mall 4th Floor, Batumi 6000, Georgia""]"
LLC NOVO TECH,GÜRCİSTAN,42,"$14,699",,"[""https://novotechllc.com/""]","[""+17709258125"",""5366117043"",""16786233472"",""+16786233472"",""3333333333"",""17709258125""]","[""Kipshidze Turn 15, Floor 3, Tbilisi 0162, Georgia""]"
LTD CITY AND COS,GÜRCİSTAN,1,"$14,616",,,,
KOLKHI GROUP LTD.,GÜRCİSTAN,3,"$14,608","[""info@kolkhigroup.ge""]","[""https://kolkhigroup.ge""]","[""+995 599 03 70 70""]","[""Tbilisi. D. Agmashenebeli Ave, near LADA centre"",""Office Avchala, saradjishvili 6""]"
STEPLİNE LTD.,GÜRCİSTAN,2,"$14,376","[""stepline.info@gmail.com""]","[""https://www.stepline.ge/en""]","[""+995595544882""]","[""Shop: 106 Beliashvili Street, Workshop: 131 Shermadini Street, Tbilisi, Georgia""]"
MANUCHAR ZHOZHADZE,GÜRCİSTAN,13,"$14,275",,,,
TM COMPANY LLC,GÜRCİSTAN,2,"$14,217",,,,
GRAND MALL LLC,GÜRCİSTAN,6,"$14,080","[""info@grandmall.com.ge""]","[""https://grandmall.com.ge""]","[""+995422200006""]","[""ბათუმი, შერიფ ხიმშიაშვილის ქუჩა N29""]"
"LİSİ LNFİNİTE LLC GEORGİA,TBLİSİ",GÜRCİSTAN,2,"$14,023","[""tbi@lisi.ge""]","[""https://lisi.ge""]","[""+995322002727""]","[""ნეკერჩხლის #6, Lisi Green Town, Tbilisi""]"
ELCHIN ASHKIAROV,GÜRCİSTAN,12,"$13,885",,,,
BEE BOX LLC,GÜRCİSTAN,4,"$13,767","[""contact@beeboxgifts.com""]","[""https://www.beeboxgifts.com/""]","[""+0666666666667"",""3333333333"",""5904494547""]",
KASHVETI QASHVETI LLC,GÜRCİSTAN,5,"$13,705","[""giorgi-zosidze@mail.ru""]",,"[""3638106519""]","[""Sakartvelo, K. Batumi, P.lorias K. N 8, B. 16""]"
GT GROUP LLC.,GÜRCİSTAN,2,"$13,700","[""INFO@GTGROUPE.GE""]","[""https://gtgroup.ge""]","[""+995 2 740 740""]","[""#216, David Agmashenebeli Alley, 0131 Tbilisi (Adjacent to Mukhatgverdi Bridge), Georgia""]"
RCS (RC SOLUTIONS LTD),GÜRCİSTAN,2,"$13,675","[""info@rcsolutions.ge""]","[""http://www.rc.ge""]",,"[""Peikrebi Street 1 Tbilisi, GE""]"
SANPLAS ALIMINIUM LIBANI N4 VATNO:402238869,GÜRCİSTAN,1,"$13,381","[""sanplas09@gmail.com""]","[""https://www.yell.ge/company.php?lan=eng&id=154217""]","[""+995599058585"",""+995595772027"",""0461544148"",""+08788767805"",""3526704615""]","[""Tbilisi, AVCHALA, 4 Libani St.""]"
BLS LTD,GÜRCİSTAN,8,"$13,288","[""rebecca@blsholdingsgroup.com"",""bls@bls-ltd.com""]","[""https://blsholdingsgroup.com/contact/"",""https://www.bls-ltd.com/""]","[""+0831722221440"",""3908317222"",""2000000000"",""+36204297735""]","[""3638 WALTON WAY EXTENSION SUITE 201 AUGUSTA, GEORGIA 30909""]"
ROMAN TSETSKHLADZE,GÜRCİSTAN,10,"$13,253","[""r.tsetskhladze78@mail.ru""]",,,
GEA GROUP (NEW CITY),GÜRCİSTAN,5,"$13,084","[""info@gea.ge"",""INFO@GEA.COM.GE"",""pv@gea.ge""]","[""https://gea.com.ge""]","[""+995322384766"",""+995322370736""]","[""Vaja Pshavela avenue № 6, Tbilisi, 0160, Georgia""]"
LTD EDA,GÜRCİSTAN,5,"$12,909","[""team@eda.org.ge""]","[""https://eda.org.ge/en/""]","[""4285714285"",""5714285714""]","[""25/27 Petriashvili street, 2nd Floor. Tbilisi, Georgia""]"
LTD. FLEXMEDIA,GÜRCİSTAN,3,"$12,873","[""sales@flexmedia.ge"",""production@flexmedia.ge""]","[""https://flexmedia.ge/""]","[""+995577468587""]","[""ვაჟა ფშაველას პირველი ჩიხი 1/43, Tbilisi, Georgia""]"
402334595 TENDA 13,GÜRCİSTAN,7,"$12,597","[""odisey3333@gmail.com""]","[""https://www.companyinfo.ge/ka/corporations/439237""]","[""3638106519""]","[""საქართველო, ქ. გორი, სტალინის გამზ., N 23, ბ. 7""]"
GOGITA BERIDZE,GÜRCİSTAN,15,"$12,396",,,"[""+61006067829"",""+61006053441"",""+60001017175"",""+08001025963"",""+61006024468"",""3638106519""]",
OSMAN JIBLADZE,GÜRCİSTAN,2,"$12,224",,,"[""+392329900019"",""+850780000000"",""+870870990018"",""+011502003518"",""5683783918"",""5714285714"",""2770086112"",""3101150200"",""+8616621075894"",""0744009012"",""0899979929"",""0852000000"",""0399900029"",""2750935224"",""5407440090"",""3925908000"",""5208520000"",""3039990002""]",
LTD IMER -GLASS KOMP,GÜRCİSTAN,5,"$12,184","[""kaxa.idadze@hotmail.com""]",,"[""+995599912294""]","[""Kutaisi, Tsotne Dadiani Street (9 April Street), 1st entrance -8, Postal code: 4600, Georgia""]"
OTSNEBA  LTD,GÜRCİSTAN,1,"$12,110","[""headofsales@otsneba.ge"",""info@otsneba.ge""]","[""http://otsneba.ge/""]","[""+995 577 32 02 02"",""+995 577 21 00 05"",""+995 577 20 03 00""]","[""ბათუმი, ტაბიძის #4ა, ბათუმი, გაგარინის #32, ბათუმი, პუშკინის #27, ბათუმი, აღმაშენებლის #58, თბილისი, გრიგოლ ლორთქიფანიძის #166, თბილისი, წერეთლის #117""]"
FORIS 18 LLC,GÜRCİSTAN,2,"$12,024","[""info@foris.ge""]","[""https://foris.ge/""]","[""+995577009800"",""+9950322400800""]","[""4 Lekh Kachinski St. Tbilisi, Georgia""]"
LTD DESIGN METAL,GÜRCİSTAN,1,"$11,960","[""gtdesignmetal@hotmail.com""]","[""https://designmetal.ge/""]","[""+995595638889"",""0431231071"",""0431232199"",""597910232""]","[""ქ.ქუთაისი, ნიკეას ქუჩა N21 4600, საქართველო""]"
ART BURJI,GÜRCİSTAN,3,"$11,944","[""info@bia.ge"",""sales@bia.ge""]","[""https://www.bia.ge/EN/Company/103861?ServiceCategoryId=69&ServiceId=3579"",""https://madloba.info/en/tbilisi/postavshchiki-dverey-i-okon/postavshchik-dverei-i-okon-art-burji/""]","[""+995577720999"",""+05646449730"",""5632056464"",""5577720999""]","[""0182, Tbilisi, Isani-Samgori District, Varketili mass. X Q. 12 Bldg, Apartm. 6"",""st. Peikarta, 14, Tbilisi, Georgia""]"
ADWINGS ADVERTISING COMPANY,GÜRCİSTAN,1,"$11,941","[""sales@adwings.ge"",""info@adwings.ge""]","[""https://adwings.ge"",""https://shop.adwings.ge""]","[""+995577600833""]","[""13n Mikheil Tamarashvili St, Tbilisi, Georgia""]"
ARCHTRADE LLC,GÜRCİSTAN,11,"$11,834",info@archtrade.ge,https://archtrade.ge/,995322207400; 995322207401; 995322207500,"Vazha-Pshavela ave. 71, 0186, Tbilisi, Georgia"
SXIVI+,GÜRCİSTAN,1,"$11,786","[""sales@skhiviplus.ge"",""info@skhiviplus.ge""]","[""https://skhiviplus.ge""]","[""+995577366336"",""+0322112116""]","[""თორნიკეს ერისთავსი 32, თბილისი"",""აგლაძის 20, თბილისი"",""ჯავახიშვილის 32, ბათუმი""]"
STRUCTIFORM LLC,GÜRCİSTAN,1,"$11,625",,,,
PQG LLC,GÜRCİSTAN,7,"$11,568","[""info@easyboostmedia.com""]","[""https://www.easyboostmedia.com""]",,
MAGTICOM LTD. GEORGIA,GÜRCİSTAN,1,"$11,338","[""office@magticom.ge""]","[""https://www.magticom.ge""]","[""+995322170000"",""5322170000""]","[""Tbilisi, 7 A. Politkovskaya st.""]"
GIA SHANTADZE,GÜRCİSTAN,13,"$11,210",,,,
P/E RAFAEL SHIRVANI,GÜRCİSTAN,1,"$11,085",,,,
LLC MSERVICE,GÜRCİSTAN,1,"$10,895","[""ichubinidze@mservice.com.ge""]","[""http://mservice.com.ge/""]","[""+995597463377""]","[""Al. Meskhisvili III str. cor. 6, b. 72 Rustavi Georgia""]"
TERA LTD PEIQREBI STR. 14 TBILISI GEORGIA,GÜRCİSTAN,7,"$10,852",,"[""https://4532-ge.all.biz/""]","[""+995322399903"",""0309976134578"",""03099761345"",""4985140017"",""4679170329""]","[""Kazbegi str.26/1, Tbilisi, Georgia""]"
BARS MEKATRONIK LTD.,GÜRCİSTAN,4,"$10,815",office@bars.ge,https://bars.ge/en/home-page/,995577417600; 995577415136; 995322709181; 995577454087,"19g, G. Lortkipanidze street (Old Kairo street), 0137 Tbilisi / Georgia; #85, Fridon Khalvashi Str. Batumi / Georgia"
ELEMENT CONSTRUCTION LLC,GÜRCİSTAN,9,"$10,668",info@ec.ge,https://www.ec.ge,995322054262; 995322054272; 9952374737; 995533333352,"13 Mgaloblishvili St., Tbilisi, Georgia"
HHDOPERA INVESTMENT LLC,GÜRCİSTAN,4,"$10,613",,,"[""+732690980019"",""+940391000000"",""+482190900000"",""+011502003518"",""5683783918"",""5714285714"",""2770519460"",""3101150200"",""2770529156"",""2770580254""]",
TMG GROUP,GÜRCİSTAN,15,"$10,516","[""support@tmg-group.com"",""kaxeti_2016@mail.ru""]","[""https://korter.ge/en/tmg-group"",""https://www.yell.ge/company.php?lan=eng&id=71870"",""https://www.bia.ge/EN/Company/94300""]","[""+995322054262"",""+995322054272"",""+995592222710"",""+995597589393""]","[""0137, Tbilisi, Isani-Samgori District, Kindzmarauli II ln. 6b, Apartm. 10""]"
GRAVITA LTD,GÜRCİSTAN,2,"$10,434","[""info@gravita.ge""]","[""https://gravita.ge/en""]","[""+995322357272""]","[""Georgia, Tbilisi, 0159 King Mirian Street 68a""]"
LTD HUKI TX,GÜRCİSTAN,2,"$10,277",,,,
AC GROUP GEORGIA LTD STI.,GÜRCİSTAN,3,"$10,190",info@ac-group.ge,https://www.ac-group.ge,995322054262; 995322054272,"თბილისი, ცოტნე დადიანის 7"
BELUS LTD.,GÜRCİSTAN,2,"$10,140",,,0322517400,
LTD   MODERLINE ',GÜRCİSTAN,1,"$10,133",,,,
LTD GLASSCO,GÜRCİSTAN,1,"$10,000","[""info@glassco.ge"",""sale@glassco.ge""]","[""https://glassco.ge/en/""]","[""+9950322907050"",""+995574907070""]","[""Khosharauli street N29""]"
"LLC ""GEORGIAN CASE AND EXPORT""",GÜRCİSTAN,1,"$9,967","[""info@georgiacase.com""]","[""https://georgiacase.com/contact.shtml""]","[""8884222737"",""7709380707"",""7709380150""]","[""4998 South Royal Atlanta Drive Tucker, GA 30084""]"
LLC GEORGIAN TENTE ALI,GÜRCİSTAN,3,"$9,911","[""akosaevi@yahoo.com""]","[""https://www.companyinfo.ge/en/corporations/261249""]","[""3638106519""]","[""Sakartvelo, Telavi, S. Qarajala, 35-e K., N 108""]"
TRANZIT-M LTD BUİLDİNG MATERİALS COMPANY,GÜRCİSTAN,1,"$9,828",,"[""https://yp.com.ge/en/organizations/org-132295-en""]","[""+680911000000"",""+321490000011"",""+252020009019"",""+1234567890"",""+0998100000000"",""+0000010000"",""2998000000"",""+8616621075894"",""0911000000"",""0610000019"",""+715626989"",""2750935224"",""2520200090"",""3214900000"",""3921110000"",""2771140265""]","[""Batumi, 97 Bagrationi St."",""6000, Autonomous Republic of Adjara, Batumi, Bagrationi str. 97-99""]"
NIKA KILADZE,GÜRCİSTAN,11,"$9,828","[""info@nika.ge""]","[""https://nika.ge""]","[""+995322435601"",""+995322435602""]","[""0144, საქართველო, თბილისი, ქეთევან წამებულის გამზირი 47-49, ქ. ბოჭორმა №8"",""0103, საქართველო, თბილისი, ქეთევან წამებულის გამზირი №39""]"
SHPSİMPEKS SERVİSİ TBILISI GEORGIA Q.TBILISIS ISAN,GÜRCİSTAN,1,"$9,802","[""info@skimpex.ge""]","[""http://skimpex.ge/""]","[""+995322292639"",""+995322252224""]","[""2-a, Tskneti st., Tbilisi, Georgia""]"
ARCHI HOTELS LLC,GÜRCİSTAN,1,"$9,604","[""info@archi.ge""]","[""https://archi.ge""]","[""+995322602602"",""+995577602601""]","[""Philharmonic building, 1 Melikishvili Ave, Tbilisi""]"
LTD NEW FACADE,GÜRCİSTAN,1,"$9,363","[""info@newfacade.ge""]","[""https://newfacade.ge""]","[""+995599509030""]",
NEXT APARTAMENT LLC,GÜRCİSTAN,2,"$9,302","[""info@nextgroup.ge""]","[""https://next-property.com/""]","[""+995574330033"",""+995514111111""]","[""Batumi, Kostava st. 20"",""Batumi, Luka Asatiani st. 18""]"
ALL-P GROUP LLC,GÜRCİSTAN,1,"$9,132",info@elementholding.ge,https://elementholding.ge,995322374737,"Mgaloblishvili st. 13, Tbilisi 0160"
TERA LTD,GÜRCİSTAN,9,"$9,037","[""tera63@rambler.ru""]","[""https://4532-ge.all.biz/"",""http://biz.aris.ge/en/company/8699/""]","[""+995322399903"",""+0309976134578"",""+03099761345"",""2001772771"",""4679170329"",""+995593607074"",""+995322192121"",""5589948630"",""3001772771"",""+05776001772""]","[""Kazbegi str.26/1, Tbilisi, Georgia"",""6, Lagidze Str., Tbilisi, Georgia""]"
ILIYARD LTD,GÜRCİSTAN,1,"$8,878","[""info@iliyard.com""]","[""https://www.iliyard.com/""]","[""+995510100100""]","[""39a Ilia Chavchavadze Ave. Tbilisi. 0179""]"
TSISARTKELA LTD.,GÜRCİSTAN,4,"$8,819","[""bavshvidagaremo@yahoo.com""]","[""https://www.info-clipper.com/en/company/georgia/tsisartkela-2009-ltd.ged8ac29n.html"",""http://biz.aris.ge/en/company/4775/""]","[""+3864377558"",""2003864377"",""+995322192121"",""5589948630"",""+995595771232"",""+037275302127"",""+00334267721"",""+03709545288"",""+03727530212"",""+03342677217"",""2521155603"",""5595771232"",""2417176891"",""0461544148"",""3526704615"",""2168399999"",""224 03 33"",""(593) 31 13 66""]","[""18 Gldani 1 m / p, Tbilisi - 0167, Georgia"",""110, A. Tsereteli Ave., Tbilisi, Georgia"",""4 Abastumani St., Tbilisi, Georgia""]"
LTD BARAKA TRADE CENTER,GÜRCİSTAN,1,"$8,791","[""info@baraka.ge""]","[""https://baraka.ge""]","[""+995322044449""]","[""Anna Politkovskaya 32, Tbilisi, Georgia""]"
OOO MİR OKON,GÜRCİSTAN,1,"$8,760","[""mir-okon72@mail.ru""]","[""https://mir-okon.pro""]","[""+73452492654"",""06813423463"",""0666882320"",""08391028056"",""037723614008"",""06532213020"",""06532213338"",""065322117392"",""06532214895"",""06532215317""]","[""ул. Депутатская 129""]"
GEOIMPEX LLC  GURCISTAN SELIM KHIMSIASHVILI,GÜRCİSTAN,1,"$8,701","[""ceo@geoimpex2023.com""]","[""https://www.geoimpex.ge/""]","[""+995555334658""]","[""Georgia, Tbilisi, Sabirtalo District, David Gamrekeli street, Building N19 office 602""]"
LTD   QIRSA   - 421272893,GÜRCİSTAN,3,"$8,619","[""qirsa.ltd@gmail.com""]","[""https://qirsageo.com/""]","[""5458505517""]","[""20 გუგუნავას ქუჩა, ქუთაისი""]"
TELE LTD / 400106327,GÜRCİSTAN,2,"$8,396","[""teledoor.ge@gmail.com""]","[""https://www.teledoor.ge""]","[""+995577714259""]","[""თორნიკე ერისთავის 1 (ყოფილი ჩარხმშენებელი, კიროვის ქარხანა), თბილისი""]"
LTD NEXT GONIO,GÜRCİSTAN,1,"$8,169","[""info@nextgroup.ge""]","[""https://next-property.com/""]","[""+995514111111"",""+995574330033""]","[""Batumi, Kostava st. 20, Georgia"",""Batumi, Luka Asatiani st. 18, Georgia""]"
GND GROUP 2023 - 446989714,GÜRCİSTAN,7,"$8,160","[""info@gndgrup.com.tr""]","[""https://www.gndgrup.com.tr/""]","[""05323129394"",""0003190907460"",""03190907460""]","[""Selçuk Mah. Gök Sk. No:120 GND GRUP MERKEZ / NİĞDE""]"
LTD &QUOT?IDEAL GEORGIA&QUOT?,GÜRCİSTAN,1,"$8,048","[""info@idealgroup.ge"",""info@ideal.ge""]","[""http://www.idealgroup.ge"",""https://ideal.ge""]","[""+995322391569"",""+995322540854"",""+995322995055""]","[""46 Vaja-Pshavela Street, Tbilisi, Georgia""]"
HIPPOKRAT LTD,GÜRCİSTAN,1,"$8,016","[""info@hippokrat.biz"",""glh@cs-medica.com"",""info@bia.ge"",""sales@bia.ge""]","[""https://news.cision.com/cs-medica-a-s/r/cs-medica-a-s-secures-sales-approval-in-azerbaijan---georgia--valued-at-1-17-mdkk,c4046198"",""https://www.bia.ge/EN/Company/9111?ServiceId=2848""]","[""+4527742280"",""4527742280"",""+995577405120"",""+05646449730"",""5632056464"",""5577405120"",""+14046562817"",""+18004367442"",""0717823086"",""0626173909"",""2784141313"",""2784141316"",""+3864377558"",""2003864377""]","[""0160, Tbilisi, Vake-Saburtalo District, Vazha-Pshavela Ave. 5, Apartm. 7"",""Village Velistsikhe City Gurjaani - 1506""]"
QIRSA LTD 20. GUGUNAVA STRKUTAISI,GÜRCİSTAN,2,"$7,911","[""info@plastics.ge""]","[""www.plastics.ge""]","[""(+995 32) 224 20 40 (+4010)""]","[""Kutaisi, 20 Gugunava St.""]"
AIR MANAGEMENT SYSTEMS LLC    AIR MANAGEMENT SYSTE,GÜRCİSTAN,3,"$7,872",info@ams.com.ge; andro.q@ams.com.ge; giorgi.machitidze@gmail.com,https://www.ams.com.ge,995322960010; 995591450808; 995599060066,"5/6 Marjanishvili str. (18 Uznadze str.) 0102 Tbilisi, Georgia; იასონ ლორთქიფანიძის ქუჩა, N 5, Tbilisi, Georgia"
DOMUS LTD.,GÜRCİSTAN,1,"$7,870","[""info@domusi.com""]","[""https://domusi.ge/en/about"",""https://domusi.ge/contact"",""https://domusi.ge/en/contact""]","[""+995322232523"",""2422233971"",""3757920793"",""5322232523"",""+995322323""]","[""3, Kavsadze Str.""]"
LITTEN TREE LTD,GÜRCİSTAN,8,"$7,730","[""info@littentree.ge""]","[""https://littentree.ge/""]","[""+0828114954619"",""+0759255114654"",""4659099903"",""3082811495"",""2845198419"",""5559582781"",""5941328710"",""5139683304"",""2810590500"",""4704156437"",""0389135244"",""3185057027"",""3458148101"",""5190648128""]","[""ქ. თბილისი, თ. ერისთავის ქ. N26""]"
GARANTİ HAN YAPI YALITIM LTD,GÜRCİSTAN,6,"$7,722","[""bilgi@garantihan.com.tr""]","[""https://www.garantihan.com.tr""]","[""+905332509400"",""+08505771205"",""+05332509400"",""3333333333"",""+04645115112"",""4323881747"",""4875172693""]","[""Merkez Mah. Muammer Bahriye Çiçekoğlu Cad. No:33 Fındıklı / RİZE""]"
JSC GEORGIAN BEER COMPANY,GÜRCİSTAN,2,"$7,673","[""info@zedazeni.ge"",""export@zedazeni.ge"",""compliance@geobeer.ge""]","[""https://tradewithgeorgia.com/companies/jsc-geogian-beer-company-1"",""https://flash.geobeer.ge/en/contact"",""https://zedazeni.ge/home/contact""]","[""+995322243535"",""+995322437770"",""+995322157770"",""+01528713966"",""+0431568207663"",""+0721562744826"",""+0826156757748"",""+061567578980"",""+14157201794"",""+0541526657157""]","[""Saguramo, Mtskheta region 3311, Georgia""]"
LTD GZA MSHENEBELI 13,GÜRCİSTAN,1,"$7,598",,"[""https://korter.ge/en/ltd-mshenebeli""]","[""+995322054262"",""+995322054272"",""4165252691"",""5311128274"",""4616337861""]",
LGG GLASS,GÜRCİSTAN,1,"$7,531","[""lggzura@yahoo.com"",""info@lgg.ge"",""sales@lgg.ge""]","[""https://www.lgg.ge/""]","[""+12345678910"",""0322505012"",""+00000000000"",""+076923076923"",""+0769230769230"",""+07692307693"",""+00999999999"",""+0526315789473"",""+0789473684210"",""+05263157894""]","[""8 Parsadani st. Tbilisi, Georgia""]"
VAZHA ZOIDZE,GÜRCİSTAN,26,"$7,514","[""teona_navdarashvili@wvi.org"",""vaja.zoidze.05@gmail.com"",""tbilisi.vazha@regus.com"",""contact@gnra.ge"",""info@insource.ge""]","[""https://www.wvi.org/stories/georgia/vazhas-journey-finding-purpose-giving-back"",""https://github.com/RePuLs05/"",""https://www.yell.ge/company.php?lan=geo&id=144722""]","[""+00000000000"",""+0148869343652"",""+030353939432"",""+4843387226"",""0323332612"",""+035267468656"",""+0726976617465"",""0352669636"",""2394367911"",""4014886934"",""3160013382"",""0722265810"",""+0795765794221"",""+0754293344615"",""+015658191005"",""+075684469438"",""+514788740"",""0376738732"",""+09451363883"",""0319566068"",""+521135434"",""+61006055560"",""+995598424290"",""+995322900872"",""0461544148"",""+04259023551"",""0425902355"",""3526704615"",""2449281454"",""3042590235"",""5322900872"",""+09155357712""]","[""ვაჟა-ფშაველას გამზირი 71, ბიზნეს ცენტრი რეგუსი, მე-2 სართული, თბილისი, საქართველო, 0186""]"
ALUGLASS GEORGİA,GÜRCİSTAN,7,"$7,352","[""info@aluglass.ge"",""office@alog.biz"",""operationspoti@alog.biz""]","[""http://aluglass.ge""]","[""+995597235615"",""+995555677622"",""+995322337943"",""+995322376099""]","[""კოსტავა, 63, თბილისი, საქართველო""]"
TAMAZI TSETSKHLADZE,GÜRCİSTAN,10,"$7,291",,,,"[""Agmashenebeli Street 620, Kobuleti 6200 Georgia""]"
GRID CONSTRUCTION,GÜRCİSTAN,1,"$7,136",,,"[""+995599202980""]","[""st. Anna Politkovskaya, 3, Tbilisi, Georgia""]"
LTD KAYA,GÜRCİSTAN,1,"$7,020","[""sales@kaya.ge""]","[""https://www.kayalogisticsinc.com/contact"",""https://kaya.ge/en/contact-us/""]","[""+17065342284"",""6787188305"",""0526228278"",""0525767899"",""3141925352"",""2477355085"",""5538888885"",""2718768243"",""+08259565361"",""0555552820"",""5714285714"",""2055555282"",""+20555552820""]","[""1954 Airport Blvd. Suite 130-02, Mailbox 134 Chamblee, GA 30341"",""G. Chikvaidze str. 3, 0190, Tbilisi, Georgia, Republic of 0190, GE"",""Tbilisi, Chikvaidze 3""]"
DAVIT ABASHIDZE,GÜRCİSTAN,8,"$6,974","[""georgegiorgadze@parliament.ge"",""giorgimaisuradze@parliament.ge"",""tours@parliament.ge"",""parliament@gmail.com"",""giorurua@parliament.ge"",""dabashidze@parliament.ge"",""contact@parliament.ge"",""nkhatiashvili@parliament.ge""]","[""https://parliament.ge/en/parliament-members/4796/biography"",""https://parliament.ge/contact"",""https://parliament.ge/en/parliament-members/4796/contact""]","[""+000000000"",""0100844461"",""3962566743"",""+995322281679"",""0322281693"",""2100733031"",""+047734352415"",""4752504773"",""+0535042595855"",""3155505350"",""5471415043"",""2171417051"",""3360617041"",""3180258111""]","[""0118 თბილისი, რუსთაველის გამზირი 8""]"
TOP WIEW COMPANY LLC,GÜRCİSTAN,9,"$6,964",,,,
ASSOCIATION ATU,GÜRCİSTAN,3,"$6,953","[""service@nbd.ltd"",""info@bia.ge"",""sales@bia.ge""]","[""https://en.nbd.ltd/trader/info/NBDX2H177514916"",""https://atulocals.org/local-732/contact-us"",""https://en.52wmb.com/buyer/33389453"",""https://www.bia.ge/EN/Company/2437""]","[""0399100000"",""0320809000"",""0139000019"",""+0701324008243"",""+0708373374976"",""+0718602024141"",""+0721955789619"",""+0725057477427"",""4039910000"",""3251000000"",""+8616621075894"",""2722878900"",""2772520499"",""+995322253486"",""+995322474616"",""+995322253487"",""+05646449730"",""5632056464"",""5322253486"",""5322474616"",""5322253487""]","[""0162, Tbilisi, Vake-Saburtalo District, I. Chavchavadze Ave. 39a"",""39a,chavchavadze ave., 0162, tbilisi, georgia"",""Enterprise - 4000, Imereti Region, Sachkhere, Tamar Mepe str. 36""]"
QASHVETİ LTD,GÜRCİSTAN,1,"$6,912","[""giorgi-zosidze@mail.ru""]","[""https://www.companyinfo.ge/en/corporations/299845""]","[""3638106519""]","[""Sakartvelo, K. Batumi, P.lorias K. N 8, B. 16""]"
LTD DABA+,GÜRCİSTAN,12,"$6,896","[""finix_68@london.com""]","[""http://biz.aris.ge/ge/company/11216/"",""https://www.aspurcela.ge/en/modules.php?name=Pages&about_us=true&SellerID=10040""]","[""+995599559405"",""599559405"",""599200193""]","[""Tetnuldi Street 36, Tbilisi, Georgia""]"
NADİM PAKSADZE,GÜRCİSTAN,1,"$6,803",,,,
LTD GEA GROUP,GÜRCİSTAN,40,"$6,614","[""info@gea.com.ge"",""pv@gea.ge""]","[""https://www.gea.com/georgia/"",""https://www.gea.com/en/"",""https://gea.com.ge/en/about-company/""]","[""+995322384766"",""+995322384766"",""2094039669"",""5322384766"",""2834109539"",""4821643531"",""+74957872020"",""+74957872029"",""+01547865054"",""0539701033"",""+5908049058"",""+08973106163"",""+081797955548"",""0129030458"",""+0292005416798"",""+0142433624755"",""+0909090909091"",""+5774459112""]","[""Vaja Pshavela avenue № 6, Tbilisi, Georgia""]"
JOINAT STOCK COMPANY CONSTRUCTION ENTERPRISE,GÜRCİSTAN,4,"$6,569",,,,
LEON X LLC,GÜRCİSTAN,1,"$6,563",,,,
VAJA DUMBADZE,GÜRCİSTAN,11,"$6,504",,,"[""+61002003626""]",
I/P MARINE CHOGOSHVILI,GÜRCİSTAN,1,"$6,363","[""crew@dreammarine.ge""]","[""https://crewing-company.com/dream-marine-georgia"",""https://maritime-zone.com/en/crewing/177474-dream-marine-georgia"",""https://mail.crewdata.com/crewing.php?lang=eng&crewing=Dream+Marine+Georgia&city=Batumi""]","[""+9955970333"",""+995597033389"",""+995557441676"",""+02452240142"",""+0434305555555"",""5780245224"",""+04343055555"",""+995568683904"",""+01896434252"",""3788601896"",""5427225000""]","[""5 Chavchavadze St, Batumi, Georgia"",""I.Chavchavadze str.#5. \""Batumi Plaza\"" 2nd Floor. Batumi, Georgia""]"
JSC BORJOMI BOTTLING FACTORY,GÜRCİSTAN,3,"$6,315","[""info@georgiatoday.ge"",""info@borjomi.com"",""f2-secretary@ids-borjomi.com""]","[""https://georgiatoday.ge/borjomi-opens-120-million-georgian-bottling-plant/"",""https://borjomi.com""]","[""+035542246317"",""2221475168"",""2189103554"",""2512927380"",""+043399948176"",""+0747637923606"",""0552041537"",""+04339994817"",""3427715435"",""4763792360"",""5362548828"",""5505981445"",""5539550781"",""5502929687"",""2773542791"",""2773542724"",""2773542726"",""+995322484484"",""+99532223668"",""0461544148"",""3526704615"",""+99532223668"",""+995322484484"",""2773576402"",""2773576367"",""2773576384""]","[""10 Bidzina Kvernadze St., Tbilisi, Georgia"",""39 Tori St., Borjomi, Georgia"",""Kvibisi, Borjomi municipality, Georgia""]"
IMD LTD,GÜRCİSTAN,2,"$6,279",,,,"[""Mikheil Asatiani Street N 10 Floor 5 A, Saburtalo District, Tbilisi, Georgia""]"
MODUS LLC,GÜRCİSTAN,3,"$6,160","[""info@modus.com.ge"",""sales@bia.ge""]","[""https://www.modus.ge"",""https://www.bia.ge/EN/Company/1419""]","[""+995422278863"",""+995422278862"",""+995422278864"",""+995322060101"",""+995577180101"",""0322060101""]","[""6000, Autonomous Republic of Adjara, Batumi, Pushkin str. 18"",""51 Agladze Street, Tbilisi"",""65 Kakheti Highway, Tbilisi""]"
GEA GROUP,GÜRCİSTAN,5,"$6,116","[""aowaisi@hotmail.com"",""azam.owaisi@gea.com""]","[""https://www.gea.com/en/"",""https://www.gea.com/en/contact/"",""https://www.gea.com/en/georgia/""]","[""+0909090909091"",""+5774459112"",""+01547865054"",""0539701033"",""+5908049058"",""+08973106163"",""+081797955548"",""0129030458"",""+0292005416798"",""+0142433624755"",""0511518896"",""0470131917"",""+74957872020"",""+74957872029""]","[""Otradnaya str., 2B, bld. 9, floor 10, room 1 127273 Moscow Russian Federation""]"
FHOUSE LLC,GÜRCİSTAN,1,"$6,103","[""info@fhouse.ge""]",,"[""+995599005590""]","[""თბილისი / (ნაძალადევი) კიკვიძე ზაირას ქ. -1, 0192 თბილისი, საქართველო""]"
AGRONOVA LTD.,GÜRCİSTAN,2,"$6,058","[""info@bia.ge"",""office@agronova.ge"",""info@agronova.ge"",""sales@bia.ge""]","[""https://agronova.ge""]","[""+995322389705"",""+995599565245"",""+995555551525"",""+995577690404"",""+995577690402"",""+995577690403"",""+995577690401"",""+05646449730"",""5632056464"",""5322389705""]","[""0186, Tbilisi, Vake-Saburtalo District, Vazha-Pshavela Ave. 87, Georgia"",""130 Beliashvili Street, Tbilisi 0159, Georgia"",""140 Tsereteli Avenue, Tbilisi 0119, Georgia"",""19a Nikea Street, Kutaisi 4600, Georgia""]"
LTB LTD,GÜRCİSTAN,4,"$5,983","[""vacancy@ltb.ge"",""ltb@ltb.ge"",""socialmedia@ltb.ge""]","[""https://5260-ge.all.biz/"",""https://ltb.ge/""]","[""+995322667161"",""+0309976134578"",""+03099761345"",""4679170329"",""5319910017"",""+995322667162"",""+995322667163"",""0461544148"",""3526704615"",""5176646345"",""2565999999"",""5322667161"",""5322667162"",""4821676324"",""3294555719""]","[""2 Eristavi str., Tbilisi, Georgia""]"
LTD   VIVA-JALUZI ',GÜRCİSTAN,1,"$5,959","[""info@bia.ge"",""sales@bia.ge"",""info@vivajaluzi.com"",""08e-mailsales@viva.ge"",""sales@viva.ge""]","[""https://www.bia.ge/EN/Company/24225?VisitCompanyType=3&ServiceId=2602"",""https://vivajaluzi.ge""]","[""+995322454499"",""+995574834499"",""+05646449730"",""5632056464"",""5322454499"",""5574834499"",""+995599917400"",""+995555601601"",""+037275302127"",""+00334267721"",""+88532548563"",""+04526045984"",""+03727530212"",""+03342677217"",""2376956060""]","[""0144, Tbilisi, Isani-Samgori District, Ialbuzi str. 12"",""თბილისი, იალბუზის ქ. #12""]"
ROIN SHAINIDZE,GÜRCİSTAN,6,"$5,641",,,,
S.P.S. EMC GROUP,GÜRCİSTAN,5,"$5,609","[""nsaakashvili@emc.com.ge"",""info@emc.com.ge""]","[""https://www.emc-int.com""]","[""+995599578680"",""3046819140""]","[""2 Dolidze St. 0171 Tbilisi, Georgia""]"
LTD GURIA EXPRESS,GÜRCİSTAN,1,"$5,593","[""levglonti@yahoo.com""]","[""https://guriatrucking.com/""]","[""+995599583366"",""+995493274649"",""+15551234567""]","[""3500, Guria Region, Ozurgeti, Besiki str. 15""]"
MYGPS LLC,GÜRCİSTAN,2,"$5,556","[""contact@mygps.ge""]","[""http://www.mygps.ge"",""https://mygps.ge""]","[""+995322180180"",""+995591019191"",""+995 32 218 01 80""]","[""6 Bokhua 6 / ბოხუას, Tbilisi 0159, GE"",""Tbilisi, DIGOMI, 6 N. Bokhua St.""]"
ARTWIN GEORGIA LTD,GÜRCİSTAN,2,"$5,473",info@artwin.ge,https://artwin.ge,995322240901; 995577129980,"Kristine Sharashidze Street No.25, Tbilisi, Georgia"
LTD ART FRAME,GÜRCİSTAN,2,"$5,450","[""artsaloni10@gmail.com"",""artsaloni02@gmail.com""]","[""studioart.ge""]","[""+995599099660"",""+9952060402"",""+995568686081"",""+995593769580"",""+995577380737""]","[""10 Paliashvili St., Tbilisi, Georgia"",""Chitaia str. 34, Didube-Chugureti District, Tbilisi, Georgia""]"
LTD. AEA,GÜRCİSTAN,2,"$5,401","[""natia@hotec.ge""]","[""https://www.yell.ge/company.php?lan=eng&id=152174"",""http://biz.aris.ge/en/company/2972/"",""hotec.ge""]","[""+995577656808"",""0461544148"",""+0998100000000"",""+0000010000"",""3526704615"",""2998000000"",""+256393202733"",""+255769005024"",""+995322192121"",""5589948630""]","[""Batumi, 49 George Antsukhelidze St."",""Tbilisi, 1, Esenini Str., Orkhevi""]"
GİORGİ TODRİA,GÜRCİSTAN,3,"$5,391","[""info@apart.ge""]","[""https://apartgroup.com/""]","[""+995544444431"",""+995322111144"",""+995511114433"",""+995544444431"",""+995322111144"",""0842732074"",""+071607162643"",""+0847216474988"",""5544444431"",""4084273207"",""5322111144"",""5342534272"",""3586274821"",""4721647498""]","[""70, Irakli Abashidze St, Tbilisi, Georgia""]"
LTD REDI,GÜRCİSTAN,8,"$5,300","[""ltdredi@mail.ru"",""info@redi.ge"",""rezo-diasamidze@mail.ru""]","[""https://www.redi.ge""]","[""+995551190000"",""+995577393809"",""+995557010055""]","[""Tsereteli Street 110, Bakradze Avenue 3/5, Didube-Chugureti District, Tbilisi 0119, Georgia""]"
GÖKHAN SUKAS,GÜRCİSTAN,4,"$5,277",,,,
GUVEN 1 LLC,GÜRCİSTAN,1,"$5,254",,,,
BUSSINES CONSULTATION GEORGIA LTD,GÜRCİSTAN,3,"$5,240",info@bia.ge; sales@bia.ge,https://www.bia.ge/Company/100956,5646449730,"0165, Tbilisi, Isani-Samgori District, Rustavi Highway 19, 3 building, floor 1"
MS TEXTILE,GÜRCİSTAN,15,"$5,133",,"[""https://ms-textile.com""]","[""+385912244091""]",
LEVAN TSETSKHLADZE,GÜRCİSTAN,5,"$5,070","[""info@whitebridge.ai"",""...@bankofgeorgia.ge"",""ztsetskhladze@parliament.ge"",""georgegiorgadze@parliament.ge"",""giorgimaisuradze@parliament.ge"",""tours@parliament.ge"",""parliament@gmail.com"",""contact@parliament.ge"",""giorurua@parliament.ge"",""nkhatiashvili@parliament.ge""]","[""https://www.coretennis.net/tennis-player/levan-tsetskhladze/207762/profile.html"",""https://whitebridge.ai/contacts/levan-tskhadadze-email-41451"",""https://parliament.ge/en/parliament-members/5607/contact""]","[""+00142852921"",""2862279275"",""2775879275"",""3647570815"",""3894736260"",""+11234567890"",""3454545730"",""+000000000"",""0100844461"",""3962566743"",""5928495928"",""3532243532"",""2401312033"",""+0260305130102"",""2427617054"",""5384449563"",""2823216342"",""4841580210"",""2026030513"",""+0202266433465"",""2335827180"",""3916470536"",""5499684971""]",
LTD REQTRANS TAX CODE CADE: 445487580 AL PUSHKINI,GÜRCİSTAN,1,"$5,001",,"[""https://www.info-clipper.com/en/company/georgia/reqtrans-ltd.ged8drx0h.html""]","[""+320990000000"",""+320890910029"",""+390791100000"",""+3864377558"",""2003864377"",""+8616621075894"",""0411510012"",""0450009000"",""0494332930"",""2722878900"",""4104115100"",""2045000900"",""2775954250"",""5304943329""]","[""ap. 4, 35/18 Pushkin str., Batumi - 6000, Georgia""]"
LLC ROLF DECKENKONSTRUKTIONEN GEORGIA,GÜRCİSTAN,1,"$5,000","[""info@rolfdk.com"",""ceo@rolfdk.com"",""export@rolfdk.com""]","[""https://rolfdk.com/"",""https://rolfdk.com/?page_id=744""]","[""+995 555 000049"",""+995 555 000039"",""+995 550 000048""]","[""11 Enukidze str. Tbilisi, Georgia"",""Abel Enukidze 11, Tbilisi""]"
